relpath,topic_dir,sha256,is_duplicate,pages,chars,extract_status,modality,is_nanocluster,mechanisms,is_cu,is_cyclodextrin
1 阿尔兹海默症的基础信息（医学相关）/1-s2.0-S0010854523003648-main.pdf,1 阿尔兹海默症的基础信息（医学相关）,021f3cba4e85856b539d79ffe7732869dd2d6ec7aa337df844311a7b18580cf9,0,,178646,cached,nanomaterial,0,amyloid;tau;neuroinflammation;antioxidant,0,0
1 阿尔兹海默症的基础信息（医学相关）/1-s2.0-S0140673625013297-main.pdf,1 阿尔兹海默症的基础信息（医学相关）,4855257853677b23bf0e3d1d058e5ce8899af3f165addc7589ff4336efd91479,0,,110786,cached,biologic,0,amyloid,0,0
1 阿尔兹海默症的基础信息（医学相关）/1-s2.0-S0140673625013893-main.pdf,1 阿尔兹海默症的基础信息（医学相关）,99b283c6cff9905a0b592e81a32bf1e8a2c3d8deb482e18a69fc66a87de1bc63,0,,122951,cached,biologic,0,amyloid;neuroinflammation,0,0
1 阿尔兹海默症的基础信息（医学相关）/1-s2.0-S0169409X22003088-main.pdf,1 阿尔兹海默症的基础信息（医学相关）,ae98c420f4a3e356f44857a3b5de8d215c71e7f9d5c42d7a8c51d414e0bb14ed,0,,125154,cached,small_molecule,0,gut_microbiome;neuroinflammation,0,0
1 阿尔兹海默症的基础信息（医学相关）/1-s2.0-S1568163724003337-main.pdf,1 阿尔兹海默症的基础信息（医学相关）,d7e6d1ca1eec8685ee1348d3df63ff62f766d036f42875a2fc3758bc6603e396,0,,235575,cached,biologic,0,gut_microbiome;amyloid;tau;neuroinflammation;antioxidant,0,0
1 阿尔兹海默症的基础信息（医学相关）/Advanced Science - 2026 - Wu - Microplastics‐Induced Gut Microbiota Dysbiosis Accelerates Alzheimer s‐Like Pathology and.pdf,1 阿尔兹海默症的基础信息（医学相关）,ca7d9b3bce116996febb986039740ee053d1ec79050250827a579d03d5e5f7c5,0,,97515,cached,biologic,0,gut_microbiome;amyloid;tau;neuroinflammation;autophagy,0,0
1 阿尔兹海默症的基础信息（医学相关）/Cerebrospinal fluid proteomics define the natural history of autosomal dominant Alzheimer’s disease.pdf,1 阿尔兹海默症的基础信息（医学相关）,b5242043799c4668ce31abda1ad91c53051c86a90b7e97d9ad9c77bc4cdc1808,0,,80526,cached,biologic,0,amyloid;tau,0,0
1 阿尔兹海默症的基础信息（医学相关）/CN-19-1273.pdf,1 阿尔兹海默症的基础信息（医学相关）,5827a0abca4434426f68f16fc33e81de48c7456c9dd673fb11b63a8b40c5bc08,0,,196298,cached,biologic,0,amyloid;tau,0,0
1 阿尔兹海默症的基础信息（医学相关）/Emergence of community behaviors in the gut microbiota upon drug treatment.pdf,1 阿尔兹海默症的基础信息（医学相关）,e068d604d5d9df2451da444c17d0caafc508db631dcf95dd09cab14e3a209c7c,0,,106566,cached,biologic,0,gut_microbiome,0,0
1 阿尔兹海默症的基础信息（医学相关）/fnins-12-00962.pdf,1 阿尔兹海默症的基础信息（医学相关）,46cf1087ebfc9386c5aacfd906c61b1da9f471c8036693d495ab576e405415c5,0,,49982,cached,biologic,0,amyloid;tau;neuroinflammation;antioxidant,0,0
1 阿尔兹海默症的基础信息（医学相关）/Gut microbiome composition may be an indicator of preclinical Alzheimer’s disease.pdf,1 阿尔兹海默症的基础信息（医学相关）,d4286ef67969ba3caffad248392b03062361d564827a0c4bdf6c04366d38bc88,0,,112700,cached,biologic,0,gut_microbiome;amyloid;tau,0,0
1 阿尔兹海默症的基础信息（医学相关）/Gut-brain nexus Mapping multimodal links to neurodegeneration at biobank scale.pdf,1 阿尔兹海默症的基础信息（医学相关）,f2fd936371c045463a2b327d6ac10ecad043cbca15bf4df27d9701fefdc81773,0,,118655,cached,unknown,0,gut_microbiome,0,0
1 阿尔兹海默症的基础信息（医学相关）/herrmann2011.pdf,1 阿尔兹海默症的基础信息（医学相关）,4178edd09ffa332c47b5d269143725069efee7c1dbde860d4ccdf80b9c6e6ac8,0,,165475,cached,small_molecule,0,amyloid;tau,0,0
1 阿尔兹海默症的基础信息（医学相关）/jcpm202542_33120675.pdf,1 阿尔兹海默症的基础信息（医学相关）,3be875dbff74d312b6839deb08e633cdfe0aabeec8c100d1c6fdea4da3f4f052,0,,22934,cached,biologic,0,gut_microbiome;amyloid;tau;neuroinflammation;antioxidant,0,0
1 阿尔兹海默症的基础信息（医学相关）/PIIS0092867422015756.pdf,1 阿尔兹海默症的基础信息（医学相关）,a4ab18ee807779cd8020b4254c9c4ab618ae059d20062cdba3f44d95e14f609a,0,,134650,cached,biologic,0,other,0,0
1 阿尔兹海默症的基础信息（医学相关）/PIIS3050562325001497.pdf,1 阿尔兹海默症的基础信息（医学相关）,755d0be854b68292a96504ae5cbc8c643553632d304f152245c04e19d9949c82,0,,72156,cached,nanomaterial,1,amyloid;tau;neuroinflammation;antioxidant,0,0
1 阿尔兹海默症的基础信息（医学相关）/s40035-026-00541-9.pdf,1 阿尔兹海默症的基础信息（医学相关）,3893c824505f77ad8aa5bca9a8ce3beae3710d5a4918533cd8a3c84e637ac4e1,0,,170460,cached,biologic,0,gut_microbiome;amyloid;tau;neuroinflammation,0,0
1 阿尔兹海默症的基础信息（医学相关）/s41579-025-01183-w——短链脂肪酸.pdf,1 阿尔兹海默症的基础信息（医学相关）,b2d9b5f0c4076d8a020b8fc894eacdbe4c431e5f12100b389b7a16bd348337f0,0,,113476,cached,biologic,0,gut_microbiome,0,0
1 阿尔兹海默症的基础信息（医学相关）/s41591-025-03677-9——小胶质细胞能协助清楚AB蛋白.pdf,1 阿尔兹海默症的基础信息（医学相关）,97e79494a0d4775f44f8f774aee459dbb205771fc241d150f82da31be58d955d,0,,9675,cached,biologic,0,amyloid;tau;neuroinflammation,0,0
1 阿尔兹海默症的基础信息（医学相关）/sciadv.adr8511.pdf,1 阿尔兹海默症的基础信息（医学相关）,4d87d014ee9c0d07ed87e21d6690d83954fc034d2465cfc8b09b4591969c6e0d,0,,74351,cached,nanomaterial,0,gut_microbiome;amyloid;neuroinflammation,0,0
1 阿尔兹海默症的基础信息（医学相关）/sciadv.adw8410.pdf,1 阿尔兹海默症的基础信息（医学相关）,bf3ec7417a95bfba8764790e4616c826a7ac8f9436455327b9acd28618da8359,0,,97552,cached,biologic,0,gut_microbiome;amyloid;tau;neuroinflammation,0,0
1 阿尔兹海默症的基础信息（医学相关）/阿魏酸可以改善ADsciadv.aat6994.pdf,1 阿尔兹海默症的基础信息（医学相关）,461dc77ea54255969890001d7212dcdf8b58327210576b50345d9e1728fd9a6c,0,,102949,cached,unknown,0,other,0,0
10 选择性抗菌/Adv Funct Materials - 2021 - Sun - Oxygen Self‐Sufficient Nanoplatform for Enhanced and Selective Antibacterial.pdf,10 选择性抗菌,7a3187974843d41555754881215a1e06cca818ec283c9ec3a7fa55645ed91f5c,0,,70520,cached,nanomaterial,0,antioxidant,0,0
10 选择性抗菌/Adv Funct Materials - 2025 - Wang - Selective Adsorption to Pathogenic Bacteria Augments Antibacterial Activity via.pdf,10 选择性抗菌,1fa43f380ccd944b47ae96a01aec30ac3cd53426f8f754234e1ea15a96651f0e,0,,72147,cached,nanomaterial,0,gut_microbiome,0,0
10 选择性抗菌/Advanced Materials - 2023 - Chen - Antibacterial Fusobacterium nucleatum‐Mimicking Nanomedicine to Selectively Eliminate.pdf,10 选择性抗菌,216ec8be281bc153e4f40744b397550af97a07932a25d517871cd3d2a2256ecf,0,,69111,cached,nanomaterial,0,gut_microbiome,0,0
10 选择性抗菌/amino-acid-functionalized-mos2-quantum-dots-for-selective-antibacterial-activity.pdf,10 选择性抗菌,03e4a0ef49f7d8fb86053073d555c42c4a25e7567fdc953ab9c956fbea64337f,0,,35115,cached,nanomaterial,0,antioxidant,0,0
10 选择性抗菌/Angew Chem Int Ed - 2018 - Cuthbert - Surprising Antibacterial Activity and Selectivity of Hydrophilic Polyphosphoniums.pdf,10 选择性抗菌,cd8e4106c4bc2ca28b8d43b978b25e408e419a265da1dd48cf128c80c283b32b,0,,21368,cached,biologic,0,other,0,0
10 选择性抗菌/Angew Chem Int Ed - 2023 - Sahoo - Photo‐Controlled Gating of Selective Bacterial Membrane Interaction and Enhanced.pdf,10 选择性抗菌,4175407dc45aac8518536a1252819780194529af02ce60160ce00440855d345a,0,,54168,cached,nanomaterial,0,antioxidant,0,1
10 选择性抗菌/Angew Chem Int Ed - 2023 - Zhang - Structural Element of Vitamin U‐Mimicking Antibacterial Polypeptide with Ultrahigh.pdf,10 选择性抗菌,72181ff505d0e9bc891c2f469a30d9c1650d5a5f1ddc73e956471b5a0b709289,0,,49409,cached,nanomaterial,0,other,0,0
10 选择性抗菌/ChemBioChem - 2024 - Kaur - Development of Nanomaterials‐Based Agents for Selective Antibacterial Activity.pdf,10 选择性抗菌,5cc3f741dfb740765c2fc37a14293ee0cedf0e4e4836c1c90f22e75f1fbf4ade,0,,96049,cached,nanomaterial,0,antioxidant,1,0
10 选择性抗菌/s40843-024-2989-0.pdf,10 选择性抗菌,576aa6a0a3e1fee5b41cbf2889784d343e95b0bf827f1fae7ebaacd160d557d8,0,,54810,cached,nanomaterial,0,other,0,0
10 选择性抗菌/s41467-018-08190-x.pdf,10 选择性抗菌,576cafde72aaab548a1ee7a22193a2c58d2e4a73f2c413f8fd3984000591fc3e,0,,85544,cached,biologic,0,antioxidant,0,0
10 选择性抗菌/superparamagnetic-nickel-nanocluster-embedded-mos2-nanosheets-for-gram-selective-bacterial-adhesion-and-antibacterial.pdf,10 选择性抗菌,138e1711c56b3607c3b9ba47673c6b833a424942f0de8b3a0a4795095ea1750e,0,,56419,cached,nanomaterial,1,other,0,0
11 补充-Cu菌群交叉/PMID31459656_PMC6648608.pdf,11 补充-Cu菌群交叉,5c651cdbeb281d65ff61c6b9d158d4c1ad217621586988eae61dba668c02c65a,0,,57608,cached,nanomaterial,1,other,1,0
11 补充-Cu菌群交叉/PMID38741962_PMC11089525.pdf,11 补充-Cu菌群交叉,2aee8d9789622f2cd7f7f17ff47872ca6b34e099f51606f470038ae997865142,0,,28610,cached,nanomaterial,1,other,1,0
11 补充-Cu菌群交叉/PMID39135557_PMC11317476.pdf,11 补充-Cu菌群交叉,c977ad40cbbff28465bffb6d50cc8a44d503512eccea764b3f7b6247fc44e83a,0,,113275,cached,biologic,0,gut_microbiome;antioxidant,1,0
11 补充-Cu菌群交叉/PMID39760067_PMC11697280.pdf,11 补充-Cu菌群交叉,d2d11ace20c6a7d32f334b9cbba02ac37a63907ebb699e7a12ea4c9ebaf98565,0,,85082,cached,nanomaterial,0,gut_microbiome;antioxidant,1,0
11 补充-Cu菌群交叉/PMID39858184_PMC11758615.pdf,11 补充-Cu菌群交叉,f9175b736a5d5cc4ed9cf74c81a1e55c5e1b437359d7fdf90ef74963e17828ee,0,,64526,cached,nanomaterial,0,gut_microbiome;antioxidant,1,0
11 补充-Cu菌群交叉/PMID40114178_PMC11924796.pdf,11 补充-Cu菌群交叉,de2933d68f406d58ced3911e5903e635d839cd699f55cb524258609ffcad6787,0,,51948,cached,nanomaterial,0,gut_microbiome;antioxidant,1,0
11 补充-Cu菌群交叉/PMID41080727_PMC12512988.pdf,11 补充-Cu菌群交叉,700c021fdbd9c046ba93a442309063ef1a67f31f66379d23e38c81699a28425f,0,,73497,cached,nanomaterial,0,gut_microbiome;antioxidant,1,0
11 补充-Cu菌群交叉/PMID41254219_PMC12627415.pdf,11 补充-Cu菌群交叉,2d17e2995b2b9895108bcc98e3432959c7a97872400b44628656619330d13f4e,0,,43799,cached,nanomaterial,1,antioxidant,1,0
11 补充-Cu菌群交叉/PMID41537187_PMC12798781.pdf,11 补充-Cu菌群交叉,e68507de97f0a478b38375180de17d4392b6afa470119c766616ad39e3cfda16,0,,57156,cached,nanomaterial,1,autophagy;antioxidant,1,0
11 补充-Cu菌群交叉/PMID41732380_PMC12924754.pdf,11 补充-Cu菌群交叉,f182f90d08d75fdc6c90ec3dbc72145998887090b4c361dab72aa5dbaaeb31c5,0,,71692,cached,nanomaterial,0,gut_microbiome;antioxidant,1,0
11 补充-Cu菌群交叉/PMID41892335_PMC13024964.pdf,11 补充-Cu菌群交叉,75541878257023adb2e106d6dede4e319b36cb56161eeac67d44fef483cde59d,0,,161653,cached,biologic,0,gut_microbiome;antioxidant,1,0
11 补充-Cu菌群交叉/PMID41896865_PMC13151254.pdf,11 补充-Cu菌群交叉,965962c8968e23b12b16fc80c4e12afeb81ce88a9f32e466478b1cbb5996a10c,0,,72404,cached,nanomaterial,0,gut_microbiome;antioxidant,1,0
2 阿尔兹海默症的治疗/1-s2.0-S0304389425022034-main.pdf,2 阿尔兹海默症的治疗,4b844cd240481affabb0413fabc40dbb5b948c7f11fbe0c2c429164f46071740,0,,75914,cached,unknown,0,gut_microbiome,0,0
2 阿尔兹海默症的治疗/1-s2.0-S1748013223000373-main.pdf,2 阿尔兹海默症的治疗,62c10769c21e3422203249a297c04c7ff9524829bd471b2a004fa61d8c08015b,0,,71917,cached,nanomaterial,0,amyloid;tau;neuroinflammation,0,0
2 阿尔兹海默症的治疗/Advanced Materials - 2024 - Li - Co‐Assembled Nanoparticles toward Multi‐Target Combinational Therapy of Alzheimer s.pdf,2 阿尔兹海默症的治疗,9c2eccfe592fa910258956d189c180054f0e1cacdec81c34b998714cc21913bf,0,,71947,cached,nanomaterial,0,amyloid;antioxidant,0,0
2 阿尔兹海默症的治疗/Advanced Materials - 2024 - Liu - A Peptide‐Drug Conjugate‐Based Nanoplatform for Immunometabolic Activation and In Situ.pdf,2 阿尔兹海默症的治疗,a58712bd8f6b98fec961b1fef5b2688d00c572b538272a6604f5a6f07d4a91fd,0,,115936,cached,nanomaterial,0,amyloid;neuroinflammation;antioxidant,0,0
2 阿尔兹海默症的治疗/AD治疗综述/1-s2.0-S0092867419310074-main.pdf,2 阿尔兹海默症的治疗,a658771c378be9554cc7e8adc63ba35fa7cf3cb21e46b426b79ce32b44ca6e2b,0,,186576,cached,biologic,0,amyloid;tau,0,0
2 阿尔兹海默症的治疗/AD治疗综述/1-s2.0-S1571064525000041-main.pdf,2 阿尔兹海默症的治疗,90dbf6a2a38760e8fea8460726cf890b4e8e0dd1e5f3063e8f2992ea983fe429,0,,186921,cached,biologic,0,amyloid;tau;neuroinflammation;antioxidant,0,0
2 阿尔兹海默症的治疗/AD治疗综述/20250319154931_977y60f51p.pdf,2 阿尔兹海默症的治疗,eff5f419455ca190d69905d53548494bcb89cc18d12ddde19d36a367b58bf401,0,,29922,cached,biologic,0,amyloid,0,0
2 阿尔兹海默症的治疗/AD治疗综述/bmj-2023-078881.full.pdf,2 阿尔兹海默症的治疗,8d0b40462095bf3a70aae3239d5f47dc7e9ecd5bd007e2c646bf575f72c6db01,0,,142276,cached,biologic,0,amyloid;tau;neuroinflammation;antioxidant,0,0
2 阿尔兹海默症的治疗/Angew Chem Int Ed - 2024 - Ma - A Self‐Reinforced  Microglia Energy Modulator  for Synergistic Amyloid‐  Clearance in.pdf,2 阿尔兹海默症的治疗,78ba8ad89cd79c72c9079a09d36d3e462942f4beb247a07a526c777957eb0eb4,0,,39308,cached,nanomaterial,0,amyloid;neuroinflammation;antioxidant,0,0
2 阿尔兹海默症的治疗/Bacteroides Fragilis in the gut microbiomes.pdf,2 阿尔兹海默症的治疗,3c1b85f92f121905f73d189b22f3a8bc0d273430ec5f5de0e08f7490431335d0,0,,100558,cached,biologic,0,gut_microbiome;amyloid;tau;neuroinflammation,0,0
2 阿尔兹海默症的治疗/chiral-spindle-like-nanorods-reprogram-neuroinflammation-by-catalyzing-α-ketoglutarate-biosynthesis.pdf,2 阿尔兹海默症的治疗,e98a1268843a9fa206b371436c53f69e4e8566ff5ff4e44fc58e888d2bd30b00,0,,72060,cached,nanomaterial,0,gut_microbiome;amyloid;neuroinflammation;antioxidant,0,0
2 阿尔兹海默症的治疗/d3qm00493g.pdf,2 阿尔兹海默症的治疗,857f207b26f4afdb2c2de3b90d7a70f58c4109ef8886e407bfbf725ba6add317,0,,82444,cached,nanomaterial,0,amyloid;neuroinflammation;antioxidant,0,0
2 阿尔兹海默症的治疗/in-situ-self-assembled-phytopolyphenol-coordinated-intelligent-nanotherapeutics-for-multipronged-management-of.pdf,2 阿尔兹海默症的治疗,18bc2f0c5b1b112d0a4c39bb730d57e949fc68710780abd407bbb0a6b87d5339,0,,79283,cached,nanomaterial,0,amyloid;antioxidant,0,0
2 阿尔兹海默症的治疗/Investigating gut alterations in Alzheimer’s disease In-depth analysis with micro- and nano-3D X-ray phase contrast tomography.pdf,2 阿尔兹海默症的治疗,611924ef01e4eeaf81af42a2f9474528eff9f5ceacadd985e6fcbeef62c243ad,0,,73799,cached,nanomaterial,0,gut_microbiome;amyloid;neuroinflammation,0,0
2 阿尔兹海默症的治疗/mannose-integrated-nanoparticle-hitchhike-glucose-transporter-1-recycling-to-overcome-various-barriers-of-oral-delivery.pdf,2 阿尔兹海默症的治疗,19741bd6ba1ad02f8ee250d81fd219f3b912e9b0d527a380bcba4162b862d453,0,,79074,cached,nanomaterial,0,amyloid;neuroinflammation;antioxidant,0,0
2 阿尔兹海默症的治疗/s12974-026-03796-1.pdf,2 阿尔兹海默症的治疗,3f8ae7ecf0726010c415f21144caac6286fd2312bc431178c78edad8ba4990aa,0,,98755,cached,biologic,0,gut_microbiome;amyloid;tau;neuroinflammation;antioxidant,0,0
2 阿尔兹海默症的治疗/s41467-023-41489-y.pdf,2 阿尔兹海默症的治疗,62104123bff6c3cf1bcd1a9915fab832f3e43b88ee97420c53b61a29e2586d47,0,,89624,cached,nanomaterial,0,amyloid;tau;autophagy,0,0
2 阿尔兹海默症的治疗/s41467-024-44737-x.pdf,2 阿尔兹海默症的治疗,c321fa87b61b80bd4ac8026f4b4151db8ddcb72c6f27b4b0b37ef51877b540f8,0,,78602,cached,nanomaterial,0,amyloid;antioxidant,0,0
2 阿尔兹海默症的治疗/s41467-024-49409-4.pdf,2 阿尔兹海默症的治疗,7f92d3e817d83875b54f5efd3e8c140607b5d5856d5fd8edff5d8673fb8acc27,0,,70152,cached,nanomaterial,1,amyloid;neuroinflammation,0,0
2 阿尔兹海默症的治疗/s41467-025-58494-y.pdf,2 阿尔兹海默症的治疗,7c42e44ecc66d32d7277f112861d65592c9098976d3bccfab2bec9c06405c2a2,0,,108229,cached,biologic,0,amyloid,0,0
2 阿尔兹海默症的治疗/s41579-025-01183-w——短链脂肪酸.pdf,2 阿尔兹海默症的治疗,b2d9b5f0c4076d8a020b8fc894eacdbe4c431e5f12100b389b7a16bd348337f0,1,,113476,duplicate,biologic,0,gut_microbiome,0,0
2 阿尔兹海默症的治疗/sciadv.adl2991.pdf,2 阿尔兹海默症的治疗,d88bdfa29399485378fdc19d75264375b682b01cda62714a3de1dee69bcd2cbf,0,,75215,cached,nanomaterial,0,amyloid;tau,0,0
2 阿尔兹海默症的治疗/sciadv.adr0656.pdf,2 阿尔兹海默症的治疗,40f59d4b930f178fc7ca4e8df2363318e73508e593506a1db54dae0293e8c723,0,,109382,cached,nanomaterial,0,amyloid;neuroinflammation;antioxidant,0,0
2 阿尔兹海默症的治疗/Small - 2017 - Xiong - Design of a Molecular Hybrid of Dual Peptide Inhibitors Coupled on AuNPs for Enhanced Inhibition of.pdf,2 阿尔兹海默症的治疗,05482f5ccf09bbff76c043401a643c6c572785ec5b07bd005c8cf74f05f75b99,0,,81654,cached,nanomaterial,1,amyloid,0,0
2 阿尔兹海默症的治疗/yin-et-al-2024-rational-design-of-dual-functionalized-gd-c82-nanoparticles-to-relieve-neuronal-cytotoxicity-in.pdf,2 阿尔兹海默症的治疗,747bdb1b9b2a2b584c8251f06d4d52a694834f3f0bdc5fb36f32b369f1d27e9f,0,,89986,cached,nanomaterial,0,amyloid;tau;autophagy,0,0
2 阿尔兹海默症的治疗/zhang-et-al-2023-hydrodynamic-control-of-alzheimer-aβ-fibrillation-with-glucosaminic-acid-containing-click-cyclized-β.pdf,2 阿尔兹海默症的治疗,fc0cd339c57432c2877efa121caf592b7dd5b7eba4e7a22553f803851b49a5b4,0,,42388,cached,biologic,0,amyloid;tau,0,0
2 阿尔兹海默症的治疗/作用方式/免疫炎症调控/Restoring-hippocampal-glucose-metabolism-rescues-cognition-across-Alzheimer-s-disease-pathologies.pdf,2 阿尔兹海默症的治疗,b7253e98beb3b5f3a335281a67715ad55b38c9dcebea97e4fcd5c576384b405d,0,,86796,cached,biologic,0,amyloid;tau;neuroinflammation,0,0
2 阿尔兹海默症的治疗/作用方式/免疫炎症调控/sciadv.adz0887.pdf,2 阿尔兹海默症的治疗,8879312e18f275aca0a57fa51b4916a75d8614c2b7a7a1372226a1636dfd19a4,0,,113867,cached,biologic,0,amyloid;tau;neuroinflammation;antioxidant,0,0
2 阿尔兹海默症的治疗/作用方式/肠道菌群比例调控/Chiral-nanoparticle-remodeled-gut-microbiota-alleviates-neurodegeneration-via-the-gut-brain.pdf,2 阿尔兹海默症的治疗,45196d382c7c67070cd5118c3fbe9d8bdfd040e7f4c4cf97e0c93e4a1984179e,0,,94410,cached,nanomaterial,0,gut_microbiome;amyloid;tau;neuroinflammation,0,0
2 阿尔兹海默症的治疗/作用方式/肠道菌群比例调控/chiral-spindle-like-nanorods-reprogram-neuroinflammation-by-catalyzing-α-ketoglutarate-biosynthesis.pdf,2 阿尔兹海默症的治疗,e98a1268843a9fa206b371436c53f69e4e8566ff5ff4e44fc58e888d2bd30b00,1,,72060,duplicate,nanomaterial,0,gut_microbiome;amyloid;neuroinflammation;antioxidant,0,0
2 阿尔兹海默症的治疗/作用方式/肠道菌群比例调控/s12868-025-00953-9.pdf,2 阿尔兹海默症的治疗,c5fda7f006f53553667c860501d3b5644d1aa0652b7604772feda2e197817a42,0,,50306,cached,biologic,0,gut_microbiome;amyloid;tau;neuroinflammation;antioxidant,0,0
2 阿尔兹海默症的治疗/作用方式/补充益生菌元/1-s2.0-S0891584916309042-main.pdf,2 阿尔兹海默症的治疗,6ebd3cad807f253240a90284438061edf35e32ebfffa64e7200c03136ee974d9,0,,6799,cached,biologic,0,gut_microbiome;amyloid;neuroinflammation;antioxidant,0,0
2 阿尔兹海默症的治疗/作用方式/补充益生菌元/Alzheimer s   Dementia - 2022 - Wang - Protection of cognitive decline and Alzheimer s disease progression by a human.pdf,2 阿尔兹海默症的治疗,7b85bd13ac4eb033df3b9c40487676414535201f9780892b0a2a185edc0e7562,0,,1938,cached,unknown,0,gut_microbiome;amyloid,0,0
2 阿尔兹海默症的治疗/作用方式/补充益生菌元/fnins-18-1309075.pdf,2 阿尔兹海默症的治疗,0ad7a60f3d398ad31c3beed5d3244bfba2c1295bc2c4ac2b2e7768c4cda474c4,0,,76078,cached,biologic,0,gut_microbiome;amyloid;tau;neuroinflammation;antioxidant,0,0
2 阿尔兹海默症的治疗/作用方式/补充益生菌元/foods-14-01531.pdf,2 阿尔兹海默症的治疗,014e425b88318f65bafeb97d56395f0411a55f44265fb0b6a85a2b5a82f8aece,0,,107855,cached,biologic,0,gut_microbiome;amyloid;tau;neuroinflammation;antioxidant,0,0
2 阿尔兹海默症的治疗/作用方式/补充益生菌元/probiotics-prebiotics-and-their-role-in-alzheimers-disease.pdf,2 阿尔兹海默症的治疗,be6b156af1db6427f8ad6a9ed08331480d70edc6383954c3555af8decb34e299,0,,15483,cached,biologic,0,gut_microbiome;amyloid;tau;neuroinflammation;autophagy,0,0
2 阿尔兹海默症的治疗/作用方式/补充益生菌元/s00210-023-02554-x.pdf,2 阿尔兹海默症的治疗,9405a84a681e5db99b7c3692f7532132580d14a1231113f3147ec0e484f05ba9,0,,66890,cached,biologic,0,gut_microbiome;amyloid;antioxidant,0,0
2 阿尔兹海默症的治疗/作用方式/补充益生菌元/s00253-021-11607-1.pdf,2 阿尔兹海默症的治疗,f488cc0016077ca30515f5622046cef8b94c25b4dc3d271954e81869309e81ae,0,,45990,cached,small_molecule,0,gut_microbiome;amyloid;neuroinflammation,0,0
2 阿尔兹海默症的治疗/作用方式/补充益生菌元/s00253-023-12686-y.pdf,2 阿尔兹海默症的治疗,8a5220dfa6ef9a149d5fef3422006973e52202cb3d575d265450e9d4e3aa18e4,0,,44092,cached,biologic,0,gut_microbiome;neuroinflammation,0,0
2 阿尔兹海默症的治疗/作用方式/补充益生菌元/s41598-024-84780-8.pdf,2 阿尔兹海默症的治疗,814f32d033c07c3d2a5c6366498e2f166e80f7dbe08f32537dd3e5aec1d3dc2e,0,,73493,cached,biologic,0,gut_microbiome;amyloid;tau;neuroinflammation,0,0
2 阿尔兹海默症的治疗/作用方式/调节代谢产物/1-s2.0-S1550413124004029-main.pdf,2 阿尔兹海默症的治疗,78bfa9b963e56a5271469feb0fee0d149dab769dd4c8ae6c4782100f0ee32a72,0,,114990,cached,biologic,0,gut_microbiome;amyloid;neuroinflammation,0,0
2 阿尔兹海默症的治疗/作用方式/调节代谢产物/Advanced Science - 2025 - Shi - Pigment Epithelium‐Derived Factor Deficiency Impairs Hippocampal Glutamate Homeostasis and.pdf,2 阿尔兹海默症的治疗,9810b93c9113cf26c93e8f09a517d6057e99270947170a93229f5ab2faa3d527,0,,116950,cached,biologic,0,neuroinflammation,0,0
2 阿尔兹海默症的治疗/作用方式/调节代谢产物/s41579-025-01183-w——短链脂肪酸.pdf,2 阿尔兹海默症的治疗,b2d9b5f0c4076d8a020b8fc894eacdbe4c431e5f12100b389b7a16bd348337f0,1,,113476,duplicate,biologic,0,gut_microbiome,0,0
2 阿尔兹海默症的治疗/作用方式/调节代谢产物/肠道菌群关键代谢物对阿尔茨海默病进程的研究进展.pdf,2 阿尔兹海默症的治疗,2f7571ff19bce7b306b577cff4136fdb3c458d722b7bba69f2a59105e6d6cc5c,0,,33147,cached,biologic,0,gut_microbiome;amyloid;tau;neuroinflammation;autophagy;antioxidant,0,0
2 阿尔兹海默症的治疗/作用方式/递送活性物质/1-s2.0-S0168365924000178-main.pdf,2 阿尔兹海默症的治疗,1dee5b7c4c4f764cde9a7a0f258b970e8484ae9e6b76b6d5d1dc222e7437e01d,0,,131384,cached,nanomaterial,0,amyloid;tau;neuroinflammation;antioxidant,0,1
2 阿尔兹海默症的治疗/作用方式/递送活性物质/Advanced Materials - 2023 - Ralvenius - Nanoparticle‐Mediated Delivery of Anti‐PU 1 siRNA via Localized Intracisternal.pdf,2 阿尔兹海默症的治疗,3c4ffd1dec60bd70ed647ed23b2c4a0e913a6055edceff32769cb25b80a4d38e,0,,70659,cached,nanomaterial,0,amyloid;neuroinflammation,0,0
2 阿尔兹海默症的治疗/作用方式/递送活性物质/Advanced Science - 2025 - Wu - Brain‐Wide Neuroregenerative Gene Therapy Improves Cognition in a Mouse Model of Alzheimer s.pdf,2 阿尔兹海默症的治疗,3dfd22577dcb2f5436f8f56383b68b3e9f79a37c76363945a8bbad1438f83c0b,0,,116521,cached,biologic,0,tau;neuroinflammation;antioxidant,0,0
2 阿尔兹海默症的治疗/作用方式/递送活性物质/Engineered-exosomes-with-a-photoinducible-protein-delivery-system-enable-CRISPR-Cas-based.pdf,2 阿尔兹海默症的治疗,8ca44fe9d9ccdda78d4c5fbd179767db1396f69f7ae1cda331f3c59e957b4d6d,0,,89801,cached,nanomaterial,0,amyloid,0,0
2 阿尔兹海默症的治疗/作用机制/神经保护/1-s2.0-S0006899324001598-main.pdf,2 阿尔兹海默症的治疗,28a2994c2290f8a9f70e5e0d7a8b88229ae34731305d774038247358f485fe67,0,,81316,cached,nanomaterial,0,amyloid;tau;antioxidant,0,0
2 阿尔兹海默症的治疗/作用机制/神经保护/1-s2.0-S0142961226004321-main.pdf,2 阿尔兹海默症的治疗,1f1cf2332f7451903107f29ba96a1de0de7fda4c5cacc52b84a223ef0a7c7ec9,0,,60281,cached,nanomaterial,0,amyloid;antioxidant,0,0
2 阿尔兹海默症的治疗/作用机制/神经保护/1-s2.0-S0896627323009315-main.pdf,2 阿尔兹海默症的治疗,f6f24d9789ba2665905f4c8c91e7a70df4a8a2f1b829822910931bf527f2c869,0,,92826,cached,biologic,0,amyloid;neuroinflammation,0,0
2 阿尔兹海默症的治疗/作用机制/神经保护/sciadv.adr0656.pdf,2 阿尔兹海默症的治疗,40f59d4b930f178fc7ca4e8df2363318e73508e593506a1db54dae0293e8c723,1,,109382,duplicate,nanomaterial,0,amyloid;neuroinflammation;antioxidant,0,0
2 阿尔兹海默症的治疗/作用机制/神经炎症调控/Alzheimer s   Dementia - 2020 - Smith - Synbiotic‐derived metabolites reduce neuroinflammatory symptoms of Alzheimer s.pdf,2 阿尔兹海默症的治疗,201a62f0737e4921e2fbbd9f749c1fd42d33fa1221c2e1a3cac25cf891bd2131,0,,3612,cached,small_molecule,0,gut_microbiome;amyloid;tau;neuroinflammation,0,0
2 阿尔兹海默症的治疗/作用机制/神经炎症调控/Alzheimer s   Dementia - 2025 - Povala - Amyloid beta and tau are associated with the dual effect of neuroinflammation on.pdf,2 阿尔兹海默症的治疗,70dbfcbeb28712aae4a073fb23eae8d051cc8eae6d39abc5c819d81bdd941225,0,,50890,cached,biologic,0,amyloid;tau;neuroinflammation,0,0
2 阿尔兹海默症的治疗/作用机制/神经炎症调控/s41577-024-01104-7.pdf,2 阿尔兹海默症的治疗,b17879a4cf59eb489b3986f133c716af986e8a0bbcff99c2c90f97afda43fa59,0,,259440,cached,biologic,0,gut_microbiome;amyloid;tau;neuroinflammation;antioxidant,0,0
2 阿尔兹海默症的治疗/作用机制/神经炎症调控/天然产物通过调控神经炎症改善阿尔茨海默病的研究进展.pdf,2 阿尔兹海默症的治疗,e9719eb4c8e733160c8b350aaf8a979de8f268dc8025b110036cb642311c4325,0,,50005,cached,biologic,0,gut_microbiome;amyloid;tau;neuroinflammation;antioxidant,0,0
2 阿尔兹海默症的治疗/作用机制/神经炎症调控/阿尔茨海默病中神经炎症生物标志物及相关药物治疗研究进展.pdf,2 阿尔兹海默症的治疗,96a58982a68f5f25f4b3b127719aa61c4d5876c401f5e24e80e0f1542c00654c,0,,35069,cached,biologic,0,amyloid;tau;neuroinflammation,0,0
2 阿尔兹海默症的治疗/作用机制/突触功能调控/1-s2.0-S0006322318317827-main.pdf,2 阿尔兹海默症的治疗,fe15659a3391b10dbae150caed59dde379be9fb52505f15042a88fe3428511dd,0,,64841,cached,biologic,0,amyloid;tau,0,0
2 阿尔兹海默症的治疗/作用机制/突触功能调控/2018120.pdf,2 阿尔兹海默症的治疗,2562ecd172404dc17ca65237e11d71ae89a09e3a3d57fec659d63720397c2d42,0,,19333,cached,biologic,0,amyloid;tau;antioxidant,0,0
2 阿尔兹海默症的治疗/作用机制/突触功能调控/KIBRA-repairs-synaptic-plasticity-and-promotes-resilience-to-tauopathy-related-memory-loss.pdf,2 阿尔兹海默症的治疗,007f370ec4af9969c8d13619f827de443455ca02f6c77f6295e6b179cce0059b,0,,126805,cached,biologic,0,tau,0,0
2 阿尔兹海默症的治疗/作用机制/突触功能调控/peng2022.pdf,2 阿尔兹海默症的治疗,2472c8c18977d1914e10dda95c6e6266ae6961a29a21101e9ae0dcc7a8c91961,0,,71645,cached,biologic,0,amyloid;neuroinflammation,0,0
2 阿尔兹海默症的治疗/作用机制/肠道菌群调控/1-s2.0-S2666379126001989-main.pdf,2 阿尔兹海默症的治疗,dae522b290495e6f7cb5e6450795cdbd46becef73ea19119fcd6d8f1142176d1,0,,107839,cached,nanomaterial,0,gut_microbiome;amyloid;neuroinflammation,0,0
2 阿尔兹海默症的治疗/作用机制/肠道菌群调控/10.1515_tnsci-2020-0203.pdf,2 阿尔兹海默症的治疗,9fe45f219eb3b4ce4524d2ffa887aeaa2a7c7854d46fdeba5b8b14da6d13105a,0,,34986,cached,unknown,0,gut_microbiome;amyloid;tau;neuroinflammation;antioxidant,0,0
2 阿尔兹海默症的治疗/作用机制/肠道菌群调控/Alzheimer s   Dementia - 2018 - Hoffman - P1‐190  PREBIOTICS FOR THE GUT MICROBIOTA AS AN INTERVENTION FOR ALZHEIMER S.pdf,2 阿尔兹海默症的治疗,08aaf69bb516fd11f2e448698d8b78f7c857fec27f874b1a356c89c64f458edc,0,,6797,cached,biologic,0,gut_microbiome;amyloid;neuroinflammation,1,0
2 阿尔兹海默症的治疗/作用机制/肠道菌群调控/Bacteroides Fragilis in the gut microbiomes.pdf,2 阿尔兹海默症的治疗,3c1b85f92f121905f73d189b22f3a8bc0d273430ec5f5de0e08f7490431335d0,1,,100558,duplicate,biologic,0,gut_microbiome;amyloid;tau;neuroinflammation,0,0
2 阿尔兹海默症的治疗/作用机制/肠道菌群调控/Gut microbiome-targeted therapies for Alzheimer s disease.pdf,2 阿尔兹海默症的治疗,1cae64f6df0faa0dd99a1edcecfd60916ccda80456eda2c686d103e99f8ca20c,0,,150850,cached,biologic,0,gut_microbiome;amyloid,0,0
2 阿尔兹海默症的治疗/作用机制/肠道菌群调控/Investigating gut alterations in Alzheimer’s disease In-depth analysis with micro- and nano-3D X-ray phase contrast tomography.pdf,2 阿尔兹海默症的治疗,611924ef01e4eeaf81af42a2f9474528eff9f5ceacadd985e6fcbeef62c243ad,1,,73799,duplicate,nanomaterial,0,gut_microbiome;amyloid;neuroinflammation,0,0
2 阿尔兹海默症的治疗/作用机制/肠道菌群调控/s12974-026-03796-1.pdf,2 阿尔兹海默症的治疗,3f8ae7ecf0726010c415f21144caac6286fd2312bc431178c78edad8ba4990aa,1,,98755,duplicate,biologic,0,gut_microbiome;amyloid;tau;neuroinflammation;antioxidant,0,0
2 阿尔兹海默症的治疗/作用机制/肠道菌群调控/s40035-024-00404-1.pdf,2 阿尔兹海默症的治疗,6a74cded126c465c7c50a2cbd2fef08600fd35558ec016aeae766f164626e444,0,,98830,cached,unknown,0,gut_microbiome,0,0
2 阿尔兹海默症的治疗/作用机制/靶向AβTau病理蛋白/1-s2.0-S0021925825024342-main.pdf,2 阿尔兹海默症的治疗,53b4efb8a35dd5a050bb3673edb0f3766b981e4be7f06c78f72cef436d03f089,0,,55792,cached,biologic,0,amyloid;tau;antioxidant,1,0
2 阿尔兹海默症的治疗/作用机制/靶向AβTau病理蛋白/1-s2.0-S0889159124005518-main.pdf,2 阿尔兹海默症的治疗,97c46d3a5993104783ac6712bd9cdce8d53affd9d7f4ff767991acb01f04f69f,0,,110502,cached,nanomaterial,0,amyloid;tau;neuroinflammation,0,0
2 阿尔兹海默症的治疗/作用机制/靶向AβTau病理蛋白/1-s2.0-S266635462500225X-main.pdf,2 阿尔兹海默症的治疗,c072680587f5978677f53bc711731c4675d6bdb4f52382241febd1bea0a2dc04,0,,78671,cached,biologic,0,amyloid;tau,0,0
2 阿尔兹海默症的治疗/作用机制/靶向AβTau病理蛋白/Advanced Materials - 2024 - Li - Co‐Assembled Nanoparticles toward Multi‐Target Combinational Therapy of Alzheimer s.pdf,2 阿尔兹海默症的治疗,9c2eccfe592fa910258956d189c180054f0e1cacdec81c34b998714cc21913bf,1,,71947,duplicate,nanomaterial,0,amyloid;antioxidant,0,0
2 阿尔兹海默症的治疗/作用机制/靶向AβTau病理蛋白/s40035-025-00499-0.pdf,2 阿尔兹海默症的治疗,fe9da7a049caf842d74eb295d40e70dcd7768687a1ff15d970fb28912feae509,0,,106084,cached,biologic,0,amyloid;tau,0,0
2 阿尔兹海默症的治疗/作用机制/靶向AβTau病理蛋白/s41467-024-49409-4.pdf,2 阿尔兹海默症的治疗,7f92d3e817d83875b54f5efd3e8c140607b5d5856d5fd8edff5d8673fb8acc27,1,,70152,duplicate,nanomaterial,1,amyloid;neuroinflammation,0,0
2 阿尔兹海默症的治疗/作用机制/靶向AβTau病理蛋白/sciadv.adl2991.pdf,2 阿尔兹海默症的治疗,d88bdfa29399485378fdc19d75264375b682b01cda62714a3de1dee69bcd2cbf,1,,75215,duplicate,nanomaterial,0,amyloid;tau,0,0
2 阿尔兹海默症的治疗/作用机制/靶向AβTau病理蛋白/shapeshifter-w-tau-peptide-inhibits-tau-aggregation-and-disintegrates-paired-helical-filaments.pdf,2 阿尔兹海默症的治疗,e2f6e89cd4d13a43a042f44708e49b9dfee81066d29888038b15fd8d2988ed1e,0,,51833,cached,biologic,0,amyloid;tau,0,0
2 阿尔兹海默症的治疗/作用靶标/中枢干预与神经修复/1-s2.0-S0142961222003301-main.pdf,2 阿尔兹海默症的治疗,72d383ea8f8fe48f79394829269de43ae79ce4ed2d4646dcbf85ca5fc408ce1c,0,,69803,cached,nanomaterial,0,amyloid;neuroinflammation;antioxidant,0,0
2 阿尔兹海默症的治疗/作用靶标/中枢干预与神经修复/Advanced Materials - 2024 - Liu - A Peptide‐Drug Conjugate‐Based Nanoplatform for Immunometabolic Activation and In Situ.pdf,2 阿尔兹海默症的治疗,a58712bd8f6b98fec961b1fef5b2688d00c572b538272a6604f5a6f07d4a91fd,1,,115936,duplicate,nanomaterial,0,amyloid;neuroinflammation;antioxidant,0,0
2 阿尔兹海默症的治疗/作用靶标/中枢干预与神经修复/DeepDrugDiscovery identifies blood–brain barrier permeable autophagy enhancers for Alzheimer’s disease(科研通-ablesci.com).pdf,2 阿尔兹海默症的治疗,05c28d22e62fe614f817855dd80bc909ae3189154529a1cfd2d7a9cc7bb738b0,0,,111859,cached,biologic,0,amyloid;autophagy,0,0
2 阿尔兹海默症的治疗/作用靶标/中枢干预与神经修复/menthol-modified-quercetin-liposomes-with-brain-targeting-function-for-the-treatment-of-senescent-alzheimer-s-disease.pdf,2 阿尔兹海默症的治疗,27f2a3c7bd033f2141cebb076d709c95807c601d660de0aa438b602ef19dfa73,0,,57351,cached,nanomaterial,0,neuroinflammation;antioxidant,0,0
2 阿尔兹海默症的治疗/作用靶标/中枢干预与神经修复/s41392-025-02426-1.pdf,2 阿尔兹海默症的治疗,8418f4b17e345b77c5a29ac73f4001e34749cd04829c4b4e0fdbe93739fd093f,0,,70769,cached,biologic,0,amyloid;neuroinflammation,0,0
2 阿尔兹海默症的治疗/作用靶标/信号通路调控/acm_8106726.pdf,2 阿尔兹海默症的治疗,027ee24f8181ccdde8a6f8edaa00a2319ec38e9e35fc837d23b0717bc71cb8a9,0,,17467,cached,biologic,0,amyloid;tau;neuroinflammation;autophagy;antioxidant,0,0
2 阿尔兹海默症的治疗/作用靶标/信号通路调控/Elucidating pathway-selective biased CCKBR agonism for Alzheimer’s disease treatment(科研通-ablesci.com).pdf,2 阿尔兹海默症的治疗,6d3da528364f2d5062229c2b0263db3e90fb31e23402d1eb5a805b52021cb0ec,0,,161461,cached,biologic,0,amyloid,0,0
2 阿尔兹海默症的治疗/作用靶标/信号通路调控/tcm20231200000_50192830.pdf,2 阿尔兹海默症的治疗,77c41d39e30548bd55a8f3d707515ade6ae819c025a8360424b904236f24dd24,0,,17358,cached,biologic,0,amyloid;tau;neuroinflammation;autophagy;antioxidant,0,0
2 阿尔兹海默症的治疗/作用靶标/信号通路调控/中医药干预NLRP3信号通路防治阿尔茨海默病的研究进展.pdf,2 阿尔兹海默症的治疗,ebad764c03f52e549c801f6874c84cb14ed54f383261c516bac0ea772882d87c,0,,25451,cached,biologic,0,amyloid;tau;neuroinflammation;autophagy;antioxidant,0,0
2 阿尔兹海默症的治疗/作用靶标/外周系统调控/Peripheral cancer attenuates amyloid pathology in Alzheimer’s disease via cystatin-c activation of TREM2(科研通-ablesci.com).pdf,2 阿尔兹海默症的治疗,084b4fcbb87a2d4dff952bc14ad07d9b079533f47668eace12e90c0db4096119,0,,160773,cached,biologic,0,amyloid;tau;neuroinflammation,0,0
2 阿尔兹海默症的治疗/作用靶标/外周系统调控/s13024-025-00812-5.pdf,2 阿尔兹海默症的治疗,294417d54026be28494778a4f4aa0735234ec7e71ac54e94fbb0e078a8b9f287,0,,87463,cached,biologic,0,amyloid;tau;neuroinflammation,0,0
2 阿尔兹海默症的治疗/作用靶标/外周系统调控/s41467-025-58494-y.pdf,2 阿尔兹海默症的治疗,7c42e44ecc66d32d7277f112861d65592c9098976d3bccfab2bec9c06405c2a2,1,,108229,duplicate,biologic,0,amyloid,0,0
2 阿尔兹海默症的治疗/作用靶标/外周系统调控/sciadv.adl1123.pdf,2 阿尔兹海默症的治疗,7cc828ba70b925067b5c4f639bf19327ff2e9190d6246781c622063906a52473,0,,89553,cached,biologic,0,amyloid;neuroinflammation,0,0
2 阿尔兹海默症的治疗/作用靶标/肠道靶向调控/1-s2.0-S0304389425022034-main.pdf,2 阿尔兹海默症的治疗,4b844cd240481affabb0413fabc40dbb5b948c7f11fbe0c2c429164f46071740,1,,75914,duplicate,unknown,0,gut_microbiome,0,0
2 阿尔兹海默症的治疗/作用靶标/肠道靶向调控/1-s2.0-S156816372500234X-main.pdf,2 阿尔兹海默症的治疗,be43f06dadd63544536dec935d6d7bbc49ee75296af7bce583db102e85a33e3b,0,,98014,cached,biologic,0,gut_microbiome;amyloid;neuroinflammation,0,0
2 阿尔兹海默症的治疗/作用靶标/肠道靶向调控/Alzheimer s   Dementia - 2025 - Zhao - Gut‐derived bacterial vesicles carrying lipopolysaccharide promote.pdf,2 阿尔兹海默症的治疗,698e916bed0e013cd70af0cd1e8f7f41ec29e2c71c4a57ca8f78ce86b170bf91,0,,84866,cached,nanomaterial,0,gut_microbiome;neuroinflammation,0,0
2 阿尔兹海默症的治疗/作用靶标/肠道靶向调控/s41467-026-68937-9.pdf,2 阿尔兹海默症的治疗,8460ad442575729d74bc55ff955d6e76eefc10b330a11ba5ebf622ee2e2e959a,0,,143066,cached,biologic,0,gut_microbiome;amyloid;tau;neuroinflammation,0,0
2 阿尔兹海默症的治疗/作用靶标/表观遗传调控/1-s2.0-S0197458014004874-main.pdf,2 阿尔兹海默症的治疗,40586219f0c04e04efcdbcd80884d993bb00a6c631cb38e97407087ee855433e,0,,59824,cached,unknown,0,amyloid;tau,0,0
2 阿尔兹海默症的治疗/作用靶标/表观遗传调控/_b_综述与专论：__b_表观遗传修饰调控阿尔茨海默病的研究进展.pdf,2 阿尔兹海默症的治疗,386a28fb8d53285b45af044d52ade38a5ffa4172c94328e83f462a7b0823fc9d,0,,59225,cached,biologic,0,amyloid;tau;neuroinflammation;antioxidant,0,0
2 阿尔兹海默症的治疗/作用靶标/表观遗传调控/fuso2005.pdf,2 阿尔兹海默症的治疗,bdb8eaeac2a230fb4b73f10d8888c1189773a89ae017c83a2c873cc266da9dcc,0,,40039,cached,biologic,0,amyloid,0,0
2 阿尔兹海默症的治疗/作用靶标/表观遗传调控/sciadv.abc8096.pdf,2 阿尔兹海默症的治疗,1e74c1b8f7ff0ae8c79540e0b3c61a533345b9278d75ec376e27411178ca81d6,0,,90173,cached,biologic,0,tau,0,0
2 阿尔兹海默症的治疗/手性Au重塑肠道菌群治疗AD Nat Agin g.pdf,2 阿尔兹海默症的治疗,997cbe41463ac3b7eddeee0d217288898056a78b261e0ace08bd9a210e3d5f6d,0,,94410,cached,nanomaterial,0,gut_microbiome;amyloid;tau;neuroinflammation,0,0
2 阿尔兹海默症的治疗/治疗剂 √/其他类型/Advanced Science - 2024 - Lin - Hybrid Membrane‐Coated Nanoparticles for Precise Targeting and Synergistic Therapy in.pdf,2 阿尔兹海默症的治疗,bce01be1602d87d7cb8c79813099075c9f7e07678a6e81ca5959ea61b4d63c26,0,,67224,cached,nanomaterial,0,amyloid;tau;neuroinflammation;autophagy;antioxidant,0,0
2 阿尔兹海默症的治疗/治疗剂 √/其他类型/Advanced Science - 2026 - Jiang - A NeuroD1 AAV‐Based Gene Therapy for Functional Brain Repair in Alzheimer s Disease‐Like.pdf,2 阿尔兹海默症的治疗,e50f8a4fdb48b3b2726e3aa160b0e9da66ec5165f3a30364499a73e3ff21c773,0,,134214,cached,biologic,0,amyloid;tau;neuroinflammation,0,0
2 阿尔兹海默症的治疗/治疗剂 √/其他类型/Alzheimer s   Dementia - 2020 - Chang - Apolipoprotein E genotype‐dependent nutrigenetic effects to prebiotic inulin for.pdf,2 阿尔兹海默症的治疗,1e607175073510220e4645ee6fc92648002ebbfc1fcb5413dd967a44827cde5c,0,,3097,cached,biologic,0,gut_microbiome;amyloid,0,0
2 阿尔兹海默症的治疗/治疗剂 √/其他类型/Alzheimer s   Dementia - 2022 - Aschettino - Nutritional treatments for Alzheimer s disease  A narrative review.pdf,2 阿尔兹海默症的治疗,d129f37207f15ccf9fa9ac7ae05f91c365bd67004cc36ca3b7c2f56c8100e776,0,,3021,cached,small_molecule,0,antioxidant,0,0
2 阿尔兹海默症的治疗/治疗剂 √/其他类型/Alzheimer s   Dementia - 2023 - Krastev - Donepezil‐indolyl hybrids as multipotent cholinesterase monoamine oxidase.pdf,2 阿尔兹海默症的治疗,7f29e3b9d6be75796350cbe6fe56d8d9ef81a2ff378fb5037266f09c58c597a2,0,,2582,cached,biologic,0,amyloid;antioxidant,0,0
2 阿尔兹海默症的治疗/治疗剂 √/其他类型/Alzheimer s   Dementia - 2025 - Malhotra - Reevaluating Melatonin s Efficacy in Alzheimer s Disease  A 20th‐Anniversary.pdf,2 阿尔兹海默症的治疗,bd3c56e390423ee7378dc467a0ce1f7503eff4e9084dc434fa831609beadbe3f,0,,3763,cached,unknown,0,amyloid;antioxidant,0,0
2 阿尔兹海默症的治疗/治疗剂 √/其他类型/s41467-024-44737-x.pdf,2 阿尔兹海默症的治疗,c321fa87b61b80bd4ac8026f4b4151db8ddcb72c6f27b4b0b37ef51877b540f8,1,,78602,duplicate,nanomaterial,0,amyloid;antioxidant,0,0
2 阿尔兹海默症的治疗/治疗剂 √/其他类型/Targeting amyloid-β pathology by chimeric antigen receptor astrocyte (CAR-A) therapy.pdf,2 阿尔兹海默症的治疗,08582ecbeefaf569aa75d0f850fc95e005524025b2c2efd18b2c3026396fabb6,0,,130124,cached,biologic,0,amyloid;tau;neuroinflammation,0,0
2 阿尔兹海默症的治疗/治疗剂 √/其他类型/zhang-et-al-2023-hydrodynamic-control-of-alzheimer-aβ-fibrillation-with-glucosaminic-acid-containing-click-cyclized-β.pdf,2 阿尔兹海默症的治疗,fc0cd339c57432c2877efa121caf592b7dd5b7eba4e7a22553f803851b49a5b4,1,,42388,duplicate,biologic,0,amyloid;tau,0,0
2 阿尔兹海默症的治疗/治疗剂 √/小分子药物治疗/Alzheimer s   Dementia - 2026 - Mohammed - Repurposing Anti‐diabetic GLP‐1 Receptor Agonists for the Treatment of Alzheimer.pdf,2 阿尔兹海默症的治疗,32a865a674567183bf12fed1accd05a3fc0bdcb2544baf6264c6443281ddbd12,0,,3040,cached,biologic,0,amyloid;neuroinflammation,0,0
2 阿尔兹海默症的治疗/治疗剂 √/小分子药物治疗/Small - 2024 - Feng - Intranasal Delivery of Pure Nanodrug Loaded Liposomes for Alzheimer s Disease Treatment by.pdf,2 阿尔兹海默症的治疗,3f9800a6c4f81b06f1786f20607639bb791c7e3649190b7e79ccb8ddffbee9d7,0,,51530,cached,nanomaterial,0,amyloid;neuroinflammation;antioxidant,0,0
2 阿尔兹海默症的治疗/治疗剂 √/小分子药物治疗/tcm2024136_192271934.pdf,2 阿尔兹海默症的治疗,54c9abf59b91e692902da72301e025f8aa6d8cce522e92bd5abc86b42b3d54a8,0,,8101,cached,small_molecule,0,antioxidant,0,0
2 阿尔兹海默症的治疗/治疗剂 √/小分子药物治疗/zr20190629.pdf,2 阿尔兹海默症的治疗,8f905657ae78cf557eb9e279b46fdd7c75f48133fcbe2bb791a3922f74496953,0,,13552,cached,biologic,0,amyloid;tau;antioxidant,0,0
2 阿尔兹海默症的治疗/治疗剂 √/小分子药物治疗/中药抗阿尔茨海默病的作用及其机制研究进展.pdf,2 阿尔兹海默症的治疗,2a48fd8cf56fefe502fa6d8302ddb7e130f749d52e0f2da794d14d1dbecaecbf,0,,39160,cached,biologic,0,gut_microbiome;amyloid;tau;neuroinflammation;autophagy;antioxidant,0,0
2 阿尔兹海默症的治疗/治疗剂 √/小分子药物治疗/中药治疗阿尔茨海默病的研究进展_NormalPdf.pdf,2 阿尔兹海默症的治疗,ee27161e13081bb4111c1196425efe026e8e74cbb56c2cf624695b423335ae28,0,,36946,cached,biologic,0,gut_microbiome;amyloid;tau;neuroinflammation;autophagy;antioxidant,0,0
2 阿尔兹海默症的治疗/治疗剂 √/小分子药物治疗/阿尔茨海默病中医药治疗进展.pdf,2 阿尔兹海默症的治疗,292ac7dc6527a7148129d20469632bd076f9bd8a906382a7d994c6080a2b4c21,0,,17131,cached,biologic,0,gut_microbiome;amyloid;tau;neuroinflammation;autophagy,0,0
2 阿尔兹海默症的治疗/治疗剂 √/生物制剂/1-s2.0-S0022356526011316-main.pdf,2 阿尔兹海默症的治疗,43a74593385967a4e0a0a3d1ab119e8f7dc4d329383c1dd4e9e217bc1b274047,0,,81136,cached,biologic,0,other,0,0
2 阿尔兹海默症的治疗/治疗剂 √/生物制剂/1-s2.0-S0889159125002089-main.pdf,2 阿尔兹海默症的治疗,6eeb7a1867d739d466bf0ce5153727314c09c98fd2ecfadfb08ba265f06914e1,0,,56365,cached,biologic,0,amyloid;tau;neuroinflammation,0,0
2 阿尔兹海默症的治疗/治疗剂 √/生物制剂/1-s2.0-S0924224421002387-main.pdf,2 阿尔兹海默症的治疗,7a7349c8d1458d79682d1565d72f9acd8b1f001597ccddd7d1cc01005f784f1f,0,,89305,cached,biologic,0,amyloid;tau;antioxidant,0,0
2 阿尔兹海默症的治疗/治疗剂 √/生物制剂/1-s2.0-S094471132400480X-main.pdf,2 阿尔兹海默症的治疗,e3c2b12a18b2e78fcf284d435193ee9baaa08a916c4873b246807ba6622de1b4,0,,90396,cached,biologic,0,amyloid;tau,0,0
2 阿尔兹海默症的治疗/治疗剂 √/生物制剂/1-s2.0-S1568163724004380-main.pdf,2 阿尔兹海默症的治疗,dbb6911834241d4e5d83432bcf89374b05ecc02354fa2b55be8066a699cf3231,0,,35590,cached,biologic,0,amyloid,0,0
2 阿尔兹海默症的治疗/治疗剂 √/生物制剂/1-s2.0-S2666379126001989-main.pdf,2 阿尔兹海默症的治疗,dae522b290495e6f7cb5e6450795cdbd46becef73ea19119fcd6d8f1142176d1,1,,107839,duplicate,nanomaterial,0,gut_microbiome;amyloid;neuroinflammation,0,0
2 阿尔兹海默症的治疗/治疗剂 √/生物制剂/Alzheimer s   Dementia - 2020 - Eriksdotter - Long‐term treatment with cholinesterase inhibitors in Alzheimer s disease is.pdf,2 阿尔兹海默症的治疗,551d4a6b5c4b4e2f42c9f27cd21feb51e8380f15c133a2ec726e1ad636c1bb04,0,,2781,cached,small_molecule,0,other,0,0
2 阿尔兹海默症的治疗/治疗剂 √/生物制剂/Alzheimer s   Dementia - 2022 - Ohno - Anti‐inflammation as one of the mechanisms in the improvement of cognitive function.pdf,2 阿尔兹海默症的治疗,916cd42bb35610d7b84f9ec93277b531845d8f5ede06fc2d539ad9c55d2bc7ba,0,,3473,cached,unknown,0,gut_microbiome,0,0
2 阿尔兹海默症的治疗/治疗剂 √/生物制剂/Cholinesterase Inhibitors for Treatment of Psychotic Symptoms in Alzheimer Disease and Parkinson Disease A Meta-analysis.pdf,2 阿尔兹海默症的治疗,de1616b1a9426437a0b85cd518cd74fa60e707a36e1c20e58c78f71476eaff78,0,,60648,cached,small_molecule,0,other,0,0
2 阿尔兹海默症的治疗/治疗剂 √/生物制剂/natural-l-hexapeptides-with-therapeutic-potential-for-alzheimer-s-disease-and-tauopathies.pdf,2 阿尔兹海默症的治疗,dc8ed050d33f1f9159ffc2bb8b53160e8365bd0a8801a68d70e90f881fef1340,0,,58132,cached,biologic,0,amyloid;tau,0,0
2 阿尔兹海默症的治疗/治疗剂 √/生物制剂/益生菌改善认知障碍的作用机制研究进展_王萌.pdf,2 阿尔兹海默症的治疗,478201c0918536588048d5f98c197b0c1d87741a0a6f6c27d707f9d54952d59c,0,,33706,cached,biologic,0,gut_microbiome;amyloid;tau;neuroinflammation;antioxidant,0,0
2 阿尔兹海默症的治疗/治疗剂 √/纳米制剂/1-s2.0-S0142961225008907-main.pdf,2 阿尔兹海默症的治疗,576478b1b335f1245f7b5f96cd400691fc2fac984ad933cec3989a93742523d5,0,,83306,cached,nanomaterial,0,amyloid;tau;neuroinflammation;antioxidant,0,0
2 阿尔兹海默症的治疗/治疗剂 √/纳米制剂/1-s2.0-S1748013223000373-main.pdf,2 阿尔兹海默症的治疗,62c10769c21e3422203249a297c04c7ff9524829bd471b2a004fa61d8c08015b,1,,71917,duplicate,nanomaterial,0,amyloid;tau;neuroinflammation,0,0
2 阿尔兹海默症的治疗/治疗剂 √/纳米制剂/1-s2.0-S221138352600393X-main.pdf,2 阿尔兹海默症的治疗,fd0d906edc7c0192b692cea2fb975103db2d0aeb1b3c8b27c60d41f73d532193,0,,71894,cached,nanomaterial,0,amyloid;neuroinflammation;autophagy;antioxidant,0,0
2 阿尔兹海默症的治疗/治疗剂 √/纳米制剂/Advanced Science - 2026 - Wen - EphB1‐Mediated Transient Blood‐Brain Barrier Opening Facilitates a Ferritin‐Based.pdf,2 阿尔兹海默症的治疗,e918a5b50386514f6b582e4c812fd275ba6bf477a98b036614fe1d5ff0528266,0,,98499,cached,nanomaterial,0,amyloid;tau;neuroinflammation;antioxidant,0,0
2 阿尔兹海默症的治疗/治疗剂 √/纳米制剂/Angew Chem Int Ed - 2024 - Ma - A Self‐Reinforced  Microglia Energy Modulator  for Synergistic Amyloid‐  Clearance in.pdf,2 阿尔兹海默症的治疗,78ba8ad89cd79c72c9079a09d36d3e462942f4beb247a07a526c777957eb0eb4,1,,39308,duplicate,nanomaterial,0,amyloid;neuroinflammation;antioxidant,0,0
2 阿尔兹海默症的治疗/治疗剂 √/纳米制剂/chiral-spindle-like-nanorods-reprogram-neuroinflammation-by-catalyzing-α-ketoglutarate-biosynthesis.pdf,2 阿尔兹海默症的治疗,e98a1268843a9fa206b371436c53f69e4e8566ff5ff4e44fc58e888d2bd30b00,1,,72060,duplicate,nanomaterial,0,gut_microbiome;amyloid;neuroinflammation;antioxidant,0,0
2 阿尔兹海默症的治疗/治疗剂 √/纳米制剂/d3qm00493g.pdf,2 阿尔兹海默症的治疗,857f207b26f4afdb2c2de3b90d7a70f58c4109ef8886e407bfbf725ba6add317,1,,82444,duplicate,nanomaterial,0,amyloid;neuroinflammation;antioxidant,0,0
2 阿尔兹海默症的治疗/治疗剂 √/纳米制剂/in-situ-self-assembled-phytopolyphenol-coordinated-intelligent-nanotherapeutics-for-multipronged-management-of.pdf,2 阿尔兹海默症的治疗,18bc2f0c5b1b112d0a4c39bb730d57e949fc68710780abd407bbb0a6b87d5339,1,,79283,duplicate,nanomaterial,0,amyloid;antioxidant,0,0
2 阿尔兹海默症的治疗/治疗剂 √/纳米制剂/mannose-integrated-nanoparticle-hitchhike-glucose-transporter-1-recycling-to-overcome-various-barriers-of-oral-delivery.pdf,2 阿尔兹海默症的治疗,19741bd6ba1ad02f8ee250d81fd219f3b912e9b0d527a380bcba4162b862d453,1,,79074,duplicate,nanomaterial,0,amyloid;neuroinflammation;antioxidant,0,0
2 阿尔兹海默症的治疗/治疗剂 √/纳米制剂/PIIS3050562325001497.pdf,2 阿尔兹海默症的治疗,755d0be854b68292a96504ae5cbc8c643553632d304f152245c04e19d9949c82,1,,72156,duplicate,nanomaterial,1,amyloid;tau;neuroinflammation;antioxidant,0,0
2 阿尔兹海默症的治疗/治疗剂 √/纳米制剂/recent-progress-in-nanomedicine-for-the-diagnosis-and-treatment-of-alzheimer-s-diseases.pdf,2 阿尔兹海默症的治疗,2e0146c09976988a40c85ffc03a52d21f30c82f7b7a7f5ded2d8cb43c0d561be,0,,182998,cached,nanomaterial,0,amyloid;tau;neuroinflammation;autophagy;antioxidant,0,0
2 阿尔兹海默症的治疗/治疗剂 √/纳米制剂/s41467-023-41489-y.pdf,2 阿尔兹海默症的治疗,62104123bff6c3cf1bcd1a9915fab832f3e43b88ee97420c53b61a29e2586d47,1,,89624,duplicate,nanomaterial,0,amyloid;tau;autophagy,0,0
2 阿尔兹海默症的治疗/治疗剂 √/纳米制剂/Small - 2017 - Xiong - Design of a Molecular Hybrid of Dual Peptide Inhibitors Coupled on AuNPs for Enhanced Inhibition of.pdf,2 阿尔兹海默症的治疗,05482f5ccf09bbff76c043401a643c6c572785ec5b07bd005c8cf74f05f75b99,1,,81654,duplicate,nanomaterial,1,amyloid,0,0
2 阿尔兹海默症的治疗/治疗剂 √/纳米制剂/yin-et-al-2024-rational-design-of-dual-functionalized-gd-c82-nanoparticles-to-relieve-neuronal-cytotoxicity-in.pdf,2 阿尔兹海默症的治疗,747bdb1b9b2a2b584c8251f06d4d52a694834f3f0bdc5fb36f32b369f1d27e9f,1,,89986,duplicate,nanomaterial,0,amyloid;tau;autophagy,0,0
2 阿尔兹海默症的治疗/治疗剂 √/纳米制剂/手性Au重塑肠道菌群治疗AD Nat Agin g.pdf,2 阿尔兹海默症的治疗,997cbe41463ac3b7eddeee0d217288898056a78b261e0ace08bd9a210e3d5f6d,1,,94410,duplicate,nanomaterial,0,gut_microbiome;amyloid;tau;neuroinflammation,0,0
3 肠道菌群/1-s2.0-S0753332221011276-main.pdf,3 肠道菌群,f992cf32170ace7b7902d9d67047f6f6bb95d353e97e304997c1ef2d3e638870,0,,97854,cached,biologic,0,gut_microbiome;amyloid;tau;antioxidant,0,0
3 肠道菌群/1-s2.0-S2095927324007710-main.pdf,3 肠道菌群,40b5a90a4c40b131df9cec9a2d24391993c305aa5d1168664f6f367eb7703c6f,0,,51395,cached,nanomaterial,0,gut_microbiome,0,0
3 肠道菌群/1020.full.pdf,3 肠道菌群,854bbbaac3143168f1d0f2a6845dc98d36074e3a2ca3f8b3684a33506bc00eba,0,,99562,cached,biologic,0,gut_microbiome,0,0
3 肠道菌群/Effects of intestinal flora on pharmacokinetics and pharmacodynamics of drugs.pdf,3 肠道菌群,95a4d9f9232537cddf53a454b604e0f4e7aa8ccfd82058b7d1155bc2a2089e67,0,,63316,cached,small_molecule,0,gut_microbiome,0,0
3 肠道菌群/s00018-018-2943-4.pdf,3 肠道菌群,8b56779f8a03f9cef1ebcf7fee40bd2d90cf173f16e682f622a22566bda25bca,0,,122658,cached,unknown,0,gut_microbiome,0,0
3 肠道菌群/s41579-018-0036-x.pdf,3 肠道菌群,3896efe417ae0a0a6d661fa559bc21a551249c81ad6ecdd85673f2f0b984b0e7,0,,101473,cached,biologic,0,gut_microbiome,0,0
3 肠道菌群/s41586-025-08990-4.pdf,3 肠道菌群,1cf5ce046c85ccc986b33cde3e56f4074eb550eca00b9ec85f36ac8c3347c23e,0,,130199,cached,biologic,0,other,0,0
4 纳米材料的纳米医学应用/1-s2.0-S0003267020300337-main.pdf,4 纳米材料的纳米医学应用,5df654015da14570e73cc6d27960441b5a3b51b837cd3b787b29bb2b3d9cd8bb,0,,42078,cached,nanomaterial,1,other,0,0
4 纳米材料的纳米医学应用/1-s2.0-S0003267024013667-main.pdf,4 纳米材料的纳米医学应用,a8048c5d43faffe1b8bca90632b17a044284190630d47014a9a9866a0817c560,0,,49902,cached,nanomaterial,1,other,0,0
4 纳米材料的纳米医学应用/1-s2.0-S0010854520307931-main.pdf,4 纳米材料的纳米医学应用,729b279dfa82009d06fb8189be37e2b9bd0d4770f6e02c8671864624ad1ea050,0,,159871,cached,nanomaterial,1,other,0,0
4 纳米材料的纳米医学应用/1-s2.0-S0010854525001146-main.pdf,4 纳米材料的纳米医学应用,dd3b7b609e993389f930fb97f2031b1d5377200af7ef26edc93ef49592c1a3d0,0,,121866,cached,nanomaterial,1,other,0,0
4 纳米材料的纳米医学应用/1-s2.0-S0010854525002036-main.pdf,4 纳米材料的纳米医学应用,331779b755f03ac6065d925dcd07434900ea0c1e2a84f250f23a2b14d7ed4d9a,0,,248100,cached,nanomaterial,1,other,1,0
4 纳米材料的纳米医学应用/1-s2.0-S0014305719307803-main.pdf,4 纳米材料的纳米医学应用,d731d4e9d96009ce3d50f350427b4b82d0f6782941ceb5eda77e12524e216597,0,,70944,cached,unknown,0,antioxidant,0,1
4 纳米材料的纳米医学应用/1-s2.0-S0043135417302828-mainext.pdf,4 纳米材料的纳米医学应用,05455bc55898902ffb09963fe048a007878e1a39dc23ac0fcf004f90e1be891f,0,,56963,cached,nanomaterial,0,other,0,0
4 纳米材料的纳米医学应用/1-s2.0-S014296121200292X-main.pdf,4 纳米材料的纳米医学应用,22fe4b6a838e5724945ce13874c54bb7bf5611ee599287ffc764306c20bb4024,0,,41633,cached,nanomaterial,1,other,0,0
4 纳米材料的纳米医学应用/1-s2.0-S0144861722007858-main.pdf,4 纳米材料的纳米医学应用,868e22553cf9badc5b3d9d231752674395fbccc396fc25cb21cf4d82dca4803d,0,,85590,cached,nanomaterial,0,other,0,1
4 纳米材料的纳米医学应用/1-s2.0-S0169409X21001940-main.pdf,4 纳米材料的纳米医学应用,00392a024757d7f8165eef12c6300c5f9066917238998c814a7dcf13d9f71d17,0,,183891,cached,nanomaterial,0,antioxidant,0,0
4 纳米材料的纳米医学应用/1-s2.0-S0308814620317258-main.pdf,4 纳米材料的纳米医学应用,e66224e3396246375378434ac51745238ab5f79323168bfdf300ae895352085e,0,,26746,cached,nanomaterial,1,other,0,0
4 纳米材料的纳米医学应用/1-s2.0-S0925400516307523-main.pdf,4 纳米材料的纳米医学应用,950c5d10f43ac09a58e66f2aea199cc98fa714647ceae4a626815c37a1c9a418,0,,42180,cached,nanomaterial,1,antioxidant,1,0
4 纳米材料的纳米医学应用/1-s2.0-S0927775721008542-main.pdf,4 纳米材料的纳米医学应用,a40664d1ab8a76857a64dfc7ed7456f537154aba45dc260a7686c0c900810cf5,0,,43458,cached,nanomaterial,1,antioxidant,0,0
4 纳米材料的纳米医学应用/1-s2.0-S1369702120303825-main.pdf,4 纳米材料的纳米医学应用,c0b04652f10497e8fa48caa81bd9c5664a8c2c5527bd6427fd4f92e1ae390d00,0,,176749,cached,nanomaterial,1,other,0,0
4 纳米材料的纳米医学应用/1-s2.0-S1385894723015486-main.pdf,4 纳米材料的纳米医学应用,daf962383aa095b264b26abb336cbcd5b365df707a6fe44f3b34cce8b39da98e,0,,96689,cached,nanomaterial,1,antioxidant,1,0
4 纳米材料的纳米医学应用/1-s2.0-S1385894723071930-main.pdf,4 纳米材料的纳米医学应用,f0046d918015025fd3cd43cc5cc6353d83bbab54f93792d619b25064c2671c41,0,,63452,cached,biologic,0,other,0,1
4 纳米材料的纳米医学应用/1-s2.0-S138589472405215X-main.pdf,4 纳米材料的纳米医学应用,86a7feb7d219b7b57a3560642dd5a3ec392efa11277d3ef6cbe3cd7d2289c47f,0,,53366,cached,nanomaterial,1,neuroinflammation;antioxidant,0,0
4 纳米材料的纳米医学应用/1-s2.0-S1748013211000703-main.pdf,4 纳米材料的纳米医学应用,47698140baa4ee453bb958c030a45ab052d9fd3726706c51573476c27b8e2685,0,,79056,cached,nanomaterial,1,other,1,1
4 纳米材料的纳米医学应用/1-s2.0-S174801322100147X-main.pdf,4 纳米材料的纳米医学应用,140a38f8a18cb037ed8c333651a0ed8fb6bb505275a554b15bc929069e311a54,0,,44256,cached,nanomaterial,1,autophagy;antioxidant,0,0
4 纳米材料的纳米医学应用/1-s2.0-S1748013225001148-main.pdf,4 纳米材料的纳米医学应用,f3b52b6411e54cb9d9f5581100ff47cf98159a74d0c3cf561cdc071b82e4254e,0,,80177,cached,nanomaterial,0,gut_microbiome,0,0
4 纳米材料的纳米医学应用/1-s2.0-S1748013226000125-main.pdf,4 纳米材料的纳米医学应用,a1bd61514a48775b5c92f0b06a852e9df0516461f389a01b2727b2f836c67c67,0,,110533,cached,nanomaterial,1,other,0,0
4 纳米材料的纳米医学应用/Adv Funct Materials - 2023 - López‐Domene - An Emerging Nanozyme Class for   la carte Enzymatic‐Like Activities based on.pdf,4 纳米材料的纳米医学应用,b21d03ad0c2947c376c3f942ad343f504eb4de9ea7e454043ab53d28b4ee7141,0,,62270,cached,nanomaterial,1,other,0,0
4 纳米材料的纳米医学应用/Adv Funct Materials - 2025 - Zhu - Metal Nanoclusters for Cancer Imaging and Treatment.pdf,4 纳米材料的纳米医学应用,a1098118aa390fed7cc7478340f51b56fd278b1d610c94c9655ec0d80337d3fa,0,,155873,cached,nanomaterial,1,antioxidant,1,0
4 纳米材料的纳米医学应用/Adv Funct Materials - 2026 - Jiang - Ternary Synergy in an Atomically Precise Alloy Nanocluster  Precision Engineering of a (1).pdf,4 纳米材料的纳米医学应用,640be5eb1414f44eef7b9f9e1141603da07ce5370e1aa64cf41d8726370c156a,0,,85599,cached,nanomaterial,1,antioxidant,0,0
4 纳米材料的纳米医学应用/Adv Healthcare Materials - 2024 - Li - Advancements in NADH Oxidase Nanozymes  Bridging Nanotechnology and Biomedical.pdf,4 纳米材料的纳米医学应用,beb83c1fccf811604da4f559bd9b801f0cf34809aebf60dcf3efeb72fd417954,0,,96796,cached,nanomaterial,0,antioxidant,0,0
4 纳米材料的纳米医学应用/Advanced Materials - 2019 - Liu - Atomic‐Precision Gold Clusters for NIR‐II Imaging.pdf,4 纳米材料的纳米医学应用,1e072aec0b66b2a65596d5e718f3898c964c42000ff4635bfacfc85ce1ddd787,0,,43756,cached,nanomaterial,1,other,0,0
4 纳米材料的纳米医学应用/Advanced Materials - 2023 - Shi - Multiscale Bioresponses of Metal Nanoclusters.pdf,4 纳米材料的纳米医学应用,7836c8eca7c2a74134b5c061171b7929cbcfd64ee2f203495c808910c1dfbcde,0,,165796,cached,nanomaterial,1,antioxidant,1,0
4 纳米材料的纳米医学应用/Advanced Materials - 2024 - Ning - Gold Nanoparticle Transport in the Injured Kidneys with Elevated Renal Function.pdf,4 纳米材料的纳米医学应用,7acf48d261c38a2680894e106cb8fe6d5ca6b9e67aacd220418cf9c6d5f8ebbb,0,,67268,cached,nanomaterial,0,other,0,0
4 纳米材料的纳米医学应用/Advanced Materials - 2024 - Shen - Atomic Engineering of Single‐Atom Nanozymes for Biomedical Applications.pdf,4 纳米材料的纳米医学应用,59beafb4f2f3f5e5663e424d6431c83bdbfb9d9dce8dc06ed55341c6169117bf,0,,188539,cached,nanomaterial,0,other,0,0
4 纳米材料的纳米医学应用/Aggregate - 2026 - Liu - The Marriage of Metal Nanoclusters With Reticular Frameworks  Synthetic Strategies and Biomedical.pdf,4 纳米材料的纳米医学应用,4b2807e50bda98a594d766621e3ba4a7db67bda61b14d6891c010dd72b055c8f,0,,152808,cached,nanomaterial,1,antioxidant,1,0
4 纳米材料的纳米医学应用/Aggregate - 2026 - Sun - Iso‐Nanozymes of Atomically Precise Copper Nanoclusters.pdf,4 纳米材料的纳米医学应用,fe5ebb8cc2c61c3b7ca46906ed229506e05de041742d5210b1f637c0896bce67,0,,53734,cached,nanomaterial,1,antioxidant,1,0
4 纳米材料的纳米医学应用/Angew Chem Int Ed - 2016 - Tang - Tailoring Renal Clearance and Tumor Targeting of Ultrasmall Metal Nanoparticles with.pdf,4 纳米材料的纳米医学应用,1a615aa1a104d2ae98125f7aeb886023f18533d981e0f875d181a27ffafa27a2,0,,28033,cached,nanomaterial,0,other,0,0
4 纳米材料的纳米医学应用/Angew Chem Int Ed - 2017 - Xu - Dose Dependencies and Biocompatibility of Renal Clearable Gold Nanoparticles  From Mice to.pdf,4 纳米材料的纳米医学应用,3e810997a6775cdefea89d3295ea28f6ee5bae0f4c7e2c7654f9ef96579ed761,0,,29568,cached,nanomaterial,0,other,0,0
4 纳米材料的纳米医学应用/Angew Chem Int Ed - 2020 - Song - A New Class of NIR‐II Gold Nanocluster‐Based Protein Biolabels for In Vivo Tumor‐Targeted.pdf,4 纳米材料的纳米医学应用,1dda362e8ab821b80e8246a5efe9c53ba165a2ca09e4543b6974f26ddfb5cca9,0,,36860,cached,nanomaterial,1,other,0,1
4 纳米材料的纳米医学应用/Angew Chem Int Ed - 2021 - Tan - Enhanced Ultrasound Contrast of Renal‐Clearable Luminescent Gold Nanoparticles.pdf,4 纳米材料的纳米医学应用,ed76872166421d8daa2f21358759673388f5b08bc588badeb1917a2fb0f5cc46,0,,24675,cached,nanomaterial,0,other,0,0
4 纳米材料的纳米医学应用/Angewandte Chemie - 2013 - Liu - PEGylation and Zwitterionization  Pros and Cons in the Renal Clearance and Tumor Targeting.pdf,4 纳米材料的纳米医学应用,2f17d7b31e0febf72501a8813d19656775eb9d6b4f2cb638ec270b7d0c7fea8b,0,,26539,cached,nanomaterial,0,antioxidant,0,0
4 纳米材料的纳米医学应用/Angewandte Chemie - 2025 - Ahrari - Blood Retention and Kidney Clearance of Renal‐Clearable Gold Nanoparticles Strongly.pdf,4 纳米材料的纳米医学应用,8e72efc193466aed2db484dc87e09f11f48f5480fc68f7da45c4125bd37f42f0,0,,35358,cached,nanomaterial,1,other,0,0
4 纳米材料的纳米医学应用/Atom-precise coinage metal nanoclusters for near-infrared emission excited-state dynamics and mechanisms.pdf,4 纳米材料的纳米医学应用,79b97843024dede225aeab6ccfd6795348b598b0e0beaa9aee1c7150ed080f6a,0,24,0,empty,nanomaterial,1,other,0,0
4 纳米材料的纳米医学应用/atomically-precise-metal-nanoclusters-emerging-materials-for-near-infrared-ii-photoluminescence.pdf,4 纳米材料的纳米医学应用,d103107be0365a5dbb543da5bbd981a810037e458773e1c0095fcf73580a4979,0,,55248,cached,nanomaterial,1,other,1,0
4 纳米材料的纳米医学应用/c5cs00607d.pdf,4 纳米材料的纳米医学应用,4dd675a01b655ad40fed69c49d2d764e4a99bf85cd38ead9c9c4419511fa02b5,0,,145464,cached,nanomaterial,1,other,1,0
4 纳米材料的纳米医学应用/c9dt01395d.pdf,4 纳米材料的纳米医学应用,fac47cd29fd5c8a66b20801eebf95714aa9af6e500849f125d5254729b4a49f6,0,,39126,cached,nanomaterial,1,other,0,0
4 纳米材料的纳米医学应用/Can-nanozymes-achieve-more-than-enzymes.pdf,4 纳米材料的纳米医学应用,afb6047d9ed672593d80a5ec61fc960a4cb0c70f774914d0271f9de1ab54c8d3,0,,104179,cached,nanomaterial,1,antioxidant,0,0
4 纳米材料的纳米医学应用/Chemistry A European J - 2026 - Zhang - An Au25 Nanocluster‐Based Electrochemical Biosensor for Profenofos Detection With.pdf,4 纳米材料的纳米医学应用,164ad521bc7df5b58cbc455138b3969ec26f9ae97345cde5d6ae32adabbcf3c2,0,,40149,cached,nanomaterial,1,other,0,0
4 纳米材料的纳米医学应用/d1ra01410b.pdf,4 纳米材料的纳米医学应用,f3e399a50b31370afb8146465ca2e161798a6701ca05f59655b12a416560705d,0,,38083,cached,nanomaterial,1,antioxidant,1,0
4 纳米材料的纳米医学应用/d2qm01125e.pdf,4 纳米材料的纳米医学应用,870482a0e8ff84dda21b06bfdb9560b210a2e73014815aee8dec51af09d2f080,0,,37065,cached,nanomaterial,1,other,0,0
4 纳米材料的纳米医学应用/d2sc05729h.pdf,4 纳米材料的纳米医学应用,372882a58b0371a81a9a7be3128e0bfbb1ecdeabb9de8c33fe40254fae198d91,0,,48878,cached,nanomaterial,1,other,0,0
4 纳米材料的纳米医学应用/d4ra00931b.pdf,4 纳米材料的纳米医学应用,cb05e7b9549194827de0dc6d5e0749b05ac85b603d2299de006bc3a36c997078,0,,97224,cached,nanomaterial,1,other,1,0
4 纳米材料的纳米医学应用/detecting-interactions-between-nanomaterials-and-cell-membranes-by-synthetic-nanopores.pdf,4 纳米材料的纳米医学应用,b384074d9437216b1271db826987ad2a86f1ecdcd3aaac6fef5e4e14dd86147d,0,,49352,cached,nanomaterial,0,amyloid,0,0
4 纳米材料的纳米医学应用/From nature to industry_ Harnessing enzymes for biocatalysis(科研通-ablesci.com) (1).pdf,4 纳米材料的纳米医学应用,a8eb6ff622e5ccebab65ad2782687bf1372ec1f15ef79f426c904341d2b0735b,0,,86696,cached,biologic,0,other,0,0
4 纳米材料的纳米医学应用/he2020.pdf,4 纳米材料的纳米医学应用,5dcdc4ff460d08d8672ea5e24a65ff80f66c2a810972b9f03f257cb767c60aa6,0,,8301,cached,nanomaterial,1,other,0,0
4 纳米材料的纳米医学应用/highly-stable-pyrimidine-based-luminescent-copper-nanoclusters-with-superoxide-dismutase-mimetic-and-nitric-oxide.pdf,4 纳米材料的纳米医学应用,33d85125afc8a5034230c0886d6854c97ed0132e0e2a48b72e47873bef0391c2,0,,42626,cached,nanomaterial,1,antioxidant,1,0
4 纳米材料的纳米医学应用/liu-et-al-2020-targeting-microglia-for-therapy-of-parkinson-s-disease-by-using-biomimetic-ultrasmall-nanoparticles.pdf,4 纳米材料的纳米医学应用,30d72638aa854c7c160404e182d5a2722c65e887468bf6907cb362508c26567d,0,,61894,cached,nanomaterial,0,neuroinflammation;antioxidant,1,0
4 纳米材料的纳米医学应用/liu-et-al-2023-doped-graphene-to-mimic-the-bacterial-nadh-oxidase-for-one-step-nad-supplementation-in-mammals (1).pdf,4 纳米材料的纳米医学应用,9479fbd8cf5813e69035c6278fba5fbd41440fbc6123a407f6e7f029dc024894,0,,67793,cached,nanomaterial,0,antioxidant,1,0
4 纳米材料的纳米医学应用/modulating-catalytic-activity-and-stability-of-atomically-precise-gold-nanoclusters-as-peroxidase-mimics-via-ligand.pdf,4 纳米材料的纳米医学应用,c5531c04aab8e93fc3a02610c4251b75f15253a41d3154c5130f87f7675768ba,0,,48464,cached,nanomaterial,1,other,0,0
4 纳米材料的纳米医学应用/nanozymes-classification-catalytic-mechanisms-activity-regulation-and-applications.pdf,4 纳米材料的纳米医学应用,9949e134eceb770fd199fcb9ae752874d01f90933f05a3e603b5eeaedc99d763,0,,322130,cached,nanomaterial,0,antioxidant,0,1
4 纳米材料的纳米医学应用/nanozymes-inspired-by-natural-enzymes.pdf,4 纳米材料的纳米医学应用,8166bafd31ab7cefb0340eaf3e5ab5c89946a790661e5512115aaae0ce31316c,0,,73416,cached,nanomaterial,0,other,0,0
4 纳米材料的纳米医学应用/nnano.2017.170.pdf,4 纳米材料的纳米医学应用,f5d57802e896670d10d5b11928a5157b77083f9338105fa2bf330c9d685455c0,0,,56058,cached,nanomaterial,1,other,0,0
4 纳米材料的纳米医学应用/s00216-020-03056-y.pdf,4 纳米材料的纳米医学应用,f393c5e3b09dfadec37be7258d4af81071a7aceae151b8a765bbfa8245e823b7,0,,27707,cached,nanomaterial,1,antioxidant,0,0
4 纳米材料的纳米医学应用/s12668-024-01430-z.pdf,4 纳米材料的纳米医学应用,f9976a1b6ed6d60942fbf61972c93f751c2552ff8fe10ad5f2bfa94935ab03fa,0,,66610,cached,nanomaterial,0,gut_microbiome;antioxidant,0,0
4 纳米材料的纳米医学应用/s41467-020-20275-0 .pdf,4 纳米材料的纳米医学应用,003581b1b67f5bf1e05d3746f8fab1ffb4b2a01da183754208e92217950f522a,0,,85492,cached,nanomaterial,1,antioxidant,1,0
4 纳米材料的纳米医学应用/s41467-023-43870-3.pdf,4 纳米材料的纳米医学应用,2cceeffdeab1b47d65bc52daa49e4521ff1426c6abab86f4ec86a7dafc0c785d,0,,86752,cached,nanomaterial,0,antioxidant,0,0
4 纳米材料的纳米医学应用/s41467-024-52684-w.pdf,4 纳米材料的纳米医学应用,e75aa8dad9b9886fde1d85976dc7646d55b8ef1273ffb89547582eedf9526d29,0,,99886,cached,nanomaterial,1,antioxidant,0,0
4 纳米材料的纳米医学应用/s41578-024-00695-w.pdf,4 纳米材料的纳米医学应用,a8bce6d7eeea30a7768f473a6aafb753534b588271a9d0f7aef86fd898353303,0,,147674,cached,nanomaterial,0,other,0,0
4 纳米材料的纳米医学应用/sciadv.adh7828 (1).pdf,4 纳米材料的纳米医学应用,98b1bf097631c988092f823b36448c2ceca5d4dcc6880dce8e97dc49f74cd86e,0,,92569,cached,nanomaterial,1,antioxidant,1,0
4 纳米材料的纳米医学应用/science.adk6628.pdf,4 纳米材料的纳米医学应用,e7aad3d752c59200479ba3cdcff9c75383e51897faafca8179aa471abf01fea1,0,,26693,cached,nanomaterial,1,other,1,0
4 纳米材料的纳米医学应用/shaping-nir-ii-emission-the-role-of-surface-chemistry-and-environment-in-gold-nanoclusters.pdf,4 纳米材料的纳米医学应用,cec4f0e0f91cd1ab4ca2fd0ad01963db91c5309f2a668f3f6421ba7a57ff4d9d,0,,63605,cached,nanomaterial,1,neuroinflammation,0,0
4 纳米材料的纳米医学应用/Small - 2016 - Liu - Tailoring Enzyme‐Like Activities of Gold Nanoclusters by Polymeric Tertiary Amines for Protecting.pdf,4 纳米材料的纳米医学应用,2d51117aaa31166ee3bfbcdd0d1be11c1966f81cf3b797c6f573cdfdbc333512,0,,50585,cached,nanomaterial,1,antioxidant,0,0
4 纳米材料的纳米医学应用/srep39157.pdf,4 纳米材料的纳米医学应用,df06fe8ad99e817c531f5e33e3a07acce02d008946bf9dc560694a0aff35d09c,0,,27398,cached,nanomaterial,1,other,1,0
4 纳米材料的纳米医学应用/ultrasmall-coinage-metal-nanoclusters-as-promising-theranostic-probes-for-biomedical-applications.pdf,4 纳米材料的纳米医学应用,292543146188a90472eb60ff3071706c69c7e0b766d3ba0d627ea37769a54595,0,,110701,cached,nanomaterial,1,other,1,0
4 纳米材料的纳米医学应用/ultrasmall-platinum-nanoclusters-modulating-dysregulated-reactive-oxide-species-and-immunity-for-psoriasis-therapy-and.pdf,4 纳米材料的纳米医学应用,e3035c816e9933472c61d64c7af37d2a0a0e33f6b48de7d4c5495d9594c64bcc,0,,74952,cached,nanomaterial,1,antioxidant,1,1
4 纳米材料的纳米医学应用/v04p0142.pdf,4 纳米材料的纳米医学应用,0809ef3179658c14483c6abbbfa3dad39b85005261a4c7c98df905d7fabcf91c,0,,50934,cached,nanomaterial,1,other,0,0
4 纳米材料的纳米医学应用/weak-interaction-tailored-catalytic-interface-of-ultrasmall-gold-nanoclusters-as-enzyme-mimics-for-enhanced.pdf,4 纳米材料的纳米医学应用,e947c70c46ed7a2bda8f1c7cb178f04d216d213e336423aa33425f57775c6874,0,,51937,cached,nanomaterial,1,other,0,0
5 纳米材料抗菌/团簇抗菌/Ag团簇/1-s2.0-S0021979719309105-main.pdf,5 纳米材料抗菌,07e6afebfa6a6b428afab43782ad1e7ea30e568146afc4c0830048985a7dc844,0,,46193,cached,nanomaterial,1,other,0,0
5 纳米材料抗菌/团簇抗菌/Ag团簇/1-s2.0-S0144861720311462-main.pdf,5 纳米材料抗菌,e84d0783ceb2d9031e54ea1a3c2bf514db5bdb1bd3ecd5afed2ec545c015b713,0,,71557,cached,nanomaterial,1,other,0,0
5 纳米材料抗菌/团簇抗菌/Ag团簇/1-s2.0-S0257897217304656-main.pdf,5 纳米材料抗菌,22f401bcd91da58d91d1f9f8b34fbd30786eab61b9a87d62c5cd51fd3d1148bf,0,,45982,cached,nanomaterial,1,other,0,0
5 纳米材料抗菌/团簇抗菌/Ag团簇/1-s2.0-S092777652100062X-main.pdf,5 纳米材料抗菌,dd219c1256e47668b071c88797670617147126e3c4184fd0398e2898a8b01b73,0,,44589,cached,nanomaterial,1,antioxidant,0,0
5 纳米材料抗菌/团簇抗菌/Ag团簇/1-s2.0-S1385894720337116-main.pdf,5 纳米材料抗菌,b42bc90abcaf1e209938ed3ea139a7d990d5a1f9beb804a7e7f28c20cb69036e,0,,60083,cached,nanomaterial,1,antioxidant,0,0
5 纳米材料抗菌/团簇抗菌/Ag团簇/1-s2.0-S2468519423000034-main.pdf,5 纳米材料抗菌,8c8811592e547a9bcc68ed8ed2d69612712998d308e9e6f2ad623fa748041e4c,0,,58467,cached,nanomaterial,1,other,0,0
5 纳米材料抗菌/团簇抗菌/Ag团簇/1-s2.0-S2590006424005003-main.pdf,5 纳米材料抗菌,ea601b10eda6315249c9f9e10cebb22c2097b92397cb935d4ed9973692b14c81,0,,88716,cached,nanomaterial,1,antioxidant,0,0
5 纳米材料抗菌/团簇抗菌/Ag团簇/activating-a-silver-lipoate-nanocluster-with-a-penicillin-backbone-induces-a-synergistic-effect-against-s-aureus-biofilm.pdf,5 纳米材料抗菌,cdda5a139e561b62c90a4fcd75a24dc3842f630f23d95ca6eae2b5fa3aa301a0,0,,37058,cached,nanomaterial,1,other,0,0
5 纳米材料抗菌/团簇抗菌/Ag团簇/am20133.pdf,5 纳米材料抗菌,960a3c6a24483880997e6ab35ab8a8b21dc8afbd5c6d8cd6cd33d3f22a97bc18,0,,50758,cached,nanomaterial,1,antioxidant,0,0
5 纳米材料抗菌/团簇抗菌/Ag团簇/antibacterial-activity-of-dna-stabilized-silver-nanoclusters-tuned-by-oligonucleotide-sequence.pdf,5 纳米材料抗菌,478700a07a5bd0ecc27270f7ef368b8431adbae477b7a61c0d701ab9326fd296,0,,40714,cached,nanomaterial,1,antioxidant,1,0
5 纳米材料抗菌/团簇抗菌/Ag团簇/antimicrobial-thin-film-composite-membranes-with-chemically-decorated-ultrasmall-silver-nanoclusters.pdf,5 纳米材料抗菌,2508621cda5b2286207b655d0046e1ea9931f8592029fbd427104caa472f3c70,0,,43833,cached,nanomaterial,1,other,0,0
5 纳米材料抗菌/团簇抗菌/Ag团簇/aptamer-functionalized-dna-silver-nanocluster-nanofilm-for-visual-detection-and-elimination-of-bacteria.pdf,5 纳米材料抗菌,a1dc172c41c191ce1aedccf4d8e5b63638f2a2cb5f11302deda588d09c81ceb3,0,,40605,cached,nanomaterial,1,other,0,0
5 纳米材料抗菌/团簇抗菌/Ag团簇/bactericidal-effect-of-5-mercapto-2-nitrobenzoic-acid-coated-silver-nanoclusters-against-multidrug-resistant-neisseria.pdf,5 纳米材料抗菌,d82a81af77756a86da3a5af84b8659661f31ad4c7f945e6d0df1b7816ed52db5,0,,61387,cached,nanomaterial,1,antioxidant,1,0
5 纳米材料抗菌/团簇抗菌/Ag团簇/c6bm00717a.pdf,5 纳米材料抗菌,c289351b768d0c6a12210a4b3aea0a5193aa206efd0fa28998cd36e1a5acfcbe,0,,48719,cached,nanomaterial,1,other,1,0
5 纳米材料抗菌/团簇抗菌/Ag团簇/ChemNanoMat - 2022 - Uroro - Biocompatible Polycationic Silver Nanocluster‐Impregnated PLGA Nanocomposites with Potent.pdf,5 纳米材料抗菌,1bdbb1db59f3ac092a63bb8ecd0ce39cd7e064bb82fdb90f6877cb8218caaf83,0,,45541,cached,nanomaterial,1,antioxidant,0,0
5 纳米材料抗菌/团簇抗菌/Ag团簇/chiral-nanoclusters-as-alternative-therapeutic-strategies-to-confront-the-health-threat-from-antibiotic-resistant.pdf,5 纳米材料抗菌,4cc70048e835f382f7975694ea48053b1bf1598e198ca14133f65ee9a2506f3b,0,,60722,cached,nanomaterial,1,antioxidant,0,0
5 纳米材料抗菌/团簇抗菌/Ag团簇/d0tb00073f.pdf,5 纳米材料抗菌,3312008fd1cd78fafbacf44953e70e73b400aca42c20cabd2536a09454378f49,0,,24302,cached,nanomaterial,1,other,0,0
5 纳米材料抗菌/团簇抗菌/Ag团簇/d0tb02267e.pdf,5 纳米材料抗菌,68c45745e815beec12b21fcd9d250240fa8b34ab64ba8527564cad2673fa6e19,0,,34939,cached,nanomaterial,1,other,0,0
5 纳米材料抗菌/团簇抗菌/Ag团簇/d3tc01033c.pdf,5 纳米材料抗菌,57b40af30c1d0ed8bdffc8b1fff286dca5df765dfdff950ae3940b8afe8f4afc,0,,38666,cached,nanomaterial,1,other,1,0
5 纳米材料抗菌/团簇抗菌/Ag团簇/Exploration - 2024 - Gao - Mussel‐inspired self‐assembly of silver nanoclusters into multifunctional silver aerogels for.pdf,5 纳米材料抗菌,00c760340aec06f599a9417676c374a8b55b1d578c34fb2d2853d87a309c7742,0,,64407,cached,nanomaterial,1,other,0,0
5 纳米材料抗菌/团簇抗菌/Ag团簇/functionalization-of-polymer-wrapped-silver-nanoclusters-and-potential-applications-as-antimicrobial-mask-materials.pdf,5 纳米材料抗菌,a3cd655e339da719cef19aa0a94b9fa06731cc0a84e99ac460ec64e7ee7bc009,0,,56382,cached,nanomaterial,1,other,0,0
5 纳米材料抗菌/团簇抗菌/Ag团簇/Macromolecular Bioscience - 2011 - Díez - Functionalization of Nanofibrillated Cellulose with Silver Nanoclusters .pdf,5 纳米材料抗菌,69371c1ef66fbe0a8b00d5e3b5deeffa99c4b8e97257acd5e8648a801adf9fa1,0,,32934,cached,nanomaterial,1,other,0,0
5 纳米材料抗菌/团簇抗菌/Ag团簇/molecules-26-04045-v2.pdf,5 纳米材料抗菌,43b67451ab96c483b5783914edbe70794af62b47f9efecf3eaa21e8fae3c5d0b,0,,54472,cached,nanomaterial,1,other,0,0
5 纳米材料抗菌/团簇抗菌/Ag团簇/responsive-assembly-of-silver-nanoclusters-with-a-biofilm-locally-amplified-bactericidal-effect-to-enhance-treatments.pdf,5 纳米材料抗菌,ddb3c1897f8b24530e486a5c43f954264c49bb6693d0727cfc3a818c40a479bd,0,,59112,cached,nanomaterial,1,other,0,0
5 纳米材料抗菌/团簇抗菌/Ag团簇/s00339-022-05431-1.pdf,5 纳米材料抗菌,abe9f63d94b812811b50ea566ab4722710a111dd97ce39e4380bdfed2f808859,0,,46045,cached,nanomaterial,1,antioxidant,1,0
5 纳米材料抗菌/团簇抗菌/Ag团簇/s10570-023-05471-7.pdf,5 纳米材料抗菌,2556dd79e79893c958d95a8dcbde6bcbb008287cd53432cc455cd863017ee2fc,0,,69485,cached,nanomaterial,1,other,0,0
5 纳米材料抗菌/团簇抗菌/Ag团簇/s41365-023-01292-2.pdf,5 纳米材料抗菌,66173d2e7c153d96dc522dfdea49dcd14e1efa304fa66649ecc614e5c1ef19d3,0,,47530,cached,nanomaterial,1,other,0,0
5 纳米材料抗菌/团簇抗菌/Ag团簇/s41427-020-00239-y.pdf,5 纳米材料抗菌,f4f9dd40cea683e81c9ddc21618c5b802ae8c09bc673489016f7b1da4f79941c,0,,65022,cached,nanomaterial,1,antioxidant,0,0
5 纳米材料抗菌/团簇抗菌/Ag团簇/s41467-024-53174-9.pdf,5 纳米材料抗菌,22b87064e3e8f65b4921427f87d3ee2b2446f73bcc4246d1edd1e80a018fd8ba,0,,56373,cached,nanomaterial,1,antioxidant,0,0
5 纳米材料抗菌/团簇抗菌/Ag团簇/s41598-021-00545-7.pdf,5 纳米材料抗菌,d20a5f77ede03d1b6595f65e74f72704505c4cc5a3be6ee7f83073458fa8a328,0,,63118,cached,nanomaterial,1,antioxidant,0,0
5 纳米材料抗菌/团簇抗菌/Ag团簇/s41598-023-29918-w.pdf,5 纳米材料抗菌,5b33953da2a3d269c665b678a660a728ac56fbb7a601c846c1208a8e20dbab1a,0,,52620,cached,nanomaterial,1,antioxidant,0,0
5 纳米材料抗菌/团簇抗菌/Ag团簇/silver-nanocluster-embedded-zein-films-as-antimicrobial-coating-materials-for-food-packaging.pdf,5 纳米材料抗菌,4701a116275b0569245a46f50e8fcb108cc5af03449725d89ad3fc566fa8d99c,0,,39610,cached,nanomaterial,1,other,0,0
5 纳米材料抗菌/团簇抗菌/Ag团簇/Small - 2018 - Yang - Synthesis of Branched DNA Scaffolded Super‐Nanoclusters with Enhanced Antibacterial Performance.pdf,5 纳米材料抗菌,8c8087aee3abe56b807ad52759fa195774bc50554488593bfcd5b5d7c594fc64,0,,33929,cached,nanomaterial,1,other,0,0
5 纳米材料抗菌/团簇抗菌/Ag团簇/Small - 2020 - Huma - Nanosilver Mitigates Biofilm Formation via FapC Amyloidosis Inhibition.pdf,5 纳米材料抗菌,38704b1f8e77fb8746ef5a3d6da2f3811feede5d2e1cced12b212cf89a381320,0,,58713,cached,nanomaterial,1,gut_microbiome;amyloid;antioxidant,0,0
5 纳米材料抗菌/团簇抗菌/Ag团簇/Small - 2022 - Wei - An Enzymatic Antibiotic Adjuvant Modulates the Infectious Microenvironment to Overcome Antimicrobial.pdf,5 纳米材料抗菌,abfe9f1d0ec92f51cff43dea3fcdc207ce178b3d2ba034c101d5b13b772dae13,0,,50723,cached,nanomaterial,1,antioxidant,0,0
5 纳米材料抗菌/团簇抗菌/Ag团簇/Small - 2023 - Zhu - G‐Quadruplex Hemin DNAzyme‐Functionalized Silver Nanoclusters with Synergistic Antibacterial and Wound.pdf,5 纳米材料抗菌,656cf957b0366d2fd8cf0a8c1138f99f3f4036d84f81ccaa1d1cf94ba54cb8ce,0,,72247,cached,nanomaterial,1,antioxidant,1,0
5 纳米材料抗菌/团簇抗菌/Ag团簇/tetrahedral-(t)-closed-shell-cluster-of-29-silver-atoms-12-lipoate-ligands-ag29(r-α-la)12-(3-)-antibacterial-and.pdf,5 纳米材料抗菌,adaecc93faf3b046a37a1fca7a602a232b4353ee93242ef00c9e68b8d2907225,0,,41476,cached,nanomaterial,1,antioxidant,0,0
5 纳米材料抗菌/团簇抗菌/Ag团簇/wang2020.pdf,5 纳米材料抗菌,5b2205998ab544bdcd91607896db18b350e17f16e45429f6f6372072c98bda4e,0,,40512,cached,nanomaterial,1,antioxidant,0,0
5 纳米材料抗菌/团簇抗菌/Ag团簇/yuan2013.pdf,5 纳米材料抗菌,1608efccf97ff81272c69c7b71cd5873fe77b00fb91beed96c6bbb58e2bc0d62,0,,27199,cached,nanomaterial,1,other,0,0
5 纳米材料抗菌/团簇抗菌/Au团簇/1-s2.0-S002197971930342X-main.pdf,5 纳米材料抗菌,28a23ba76e924211d0560c8394af289aa9bec708fa51642a73fa89dbd683338b,0,,51903,cached,nanomaterial,1,antioxidant,0,0
5 纳米材料抗菌/团簇抗菌/Au团簇/1-s2.0-S0021979721009255-main.pdf,5 纳米材料抗菌,f2c2c6b4b2953807862bef552a908e3d2bb1dc3b3296ec46b42f1dda559e2343,0,,57652,cached,nanomaterial,1,antioxidant,0,0
5 纳米材料抗菌/团簇抗菌/Au团簇/1-s2.0-S0142961222003350-main.pdf,5 纳米材料抗菌,0936f197bd34f5b94985160775f808c04db82231bc9a951e815235ebac3fe72a,0,,50100,cached,nanomaterial,1,antioxidant,1,0
5 纳米材料抗菌/团簇抗菌/Au团簇/1-s2.0-S0304389421012000-main.pdf,5 纳米材料抗菌,303ec20115cfb5a7e4808c56ae25200837558f77beb009cffbbba9c33e443ff1,0,,65576,cached,nanomaterial,1,antioxidant,1,0
5 纳米材料抗菌/团簇抗菌/Au团簇/1-s2.0-S1385894719325884-main.pdf,5 纳米材料抗菌,a734bf27bda04f3cd713082cdd4a44209b8d7aad386961cdbd8e39442ac4b4ea,0,,41742,cached,nanomaterial,1,other,0,0
5 纳米材料抗菌/团簇抗菌/Au团簇/1-s2.0-S2452199X20302462-main.pdf,5 纳米材料抗菌,ab3c53693cab6a45ca9e3451fe2bdd958e7cb5521a7af3e1a2d816773a256ae4,0,,55606,cached,nanomaterial,1,antioxidant,0,0
5 纳米材料抗菌/团簇抗菌/Au团簇/a-gold-nanocluster-constructed-mixed-metal-metal-organic-network-film-for-combating-implant-associated-infections.pdf,5 纳米材料抗菌,e996f5c150113618377fdbd7cc73579fc0c1856900bebf67b3b8a80f492b1602,0,,57303,cached,nanomaterial,1,other,1,0
5 纳米材料抗菌/团簇抗菌/Au团簇/Adv Funct Materials - 2019 - Zheng - Synergistic Antimicrobial Capability of Magnetically Oriented Graphene Oxide.pdf,5 纳米材料抗菌,1fe11b7fbe29085ad4eb6958d7a460d9114af821f1949519ca79b4eb80cf995c,0,,57674,cached,nanomaterial,1,antioxidant,0,0
5 纳米材料抗菌/团簇抗菌/Au团簇/Adv Healthcare Materials - 2020 - Zheng - Synergistic Antimicrobial Titanium Carbide  MXene  Conjugated with Gold.pdf,5 纳米材料抗菌,7366c970245e901d6a1caace64bc807024c142408d57b964af5f7af190d03819,0,,51099,cached,nanomaterial,1,antioxidant,0,0
5 纳米材料抗菌/团簇抗菌/Au团簇/Adv Healthcare Materials - 2024 - Li - Smart Bactericidal Capsules Based on Cationic Luminescent Nanoclusters for.pdf,5 纳米材料抗菌,06c27fb6bc86842a65b6a6d5b61668d6c3c088c357af322f25897b2d5a7b7d80,0,,50449,cached,nanomaterial,1,antioxidant,0,0
5 纳米材料抗菌/团簇抗菌/Au团簇/Advanced Materials - 2023 - Pang - Tuning Ligands Ratio Allows for Controlling Gold Nanocluster Conformation and Activating.pdf,5 纳米材料抗菌,ba5a139a2d453aa3d76fe9856240ade13f553f211906620ece474f4eccdac32d,0,,89220,cached,nanomaterial,1,other,0,0
5 纳米材料抗菌/团簇抗菌/Au团簇/Aggregate - 2024 - Liu - Enhancing antibacterial photodynamic therapy with NIR‐activated gold nanoclusters .pdf,5 纳米材料抗菌,81bbaf67d6aa8a90fa6bb06f6dacffd77e72f080c573848c061d7d95e57b1ead,0,,58930,cached,nanomaterial,1,antioxidant,0,0
5 纳米材料抗菌/团簇抗菌/Au团簇/Aggregate - 2024 - Yi - Gold nanoclusters encapsulated microneedle patches with antibacterial and self‐monitoring.pdf,5 纳米材料抗菌,49c8c0756d4bcc82feb69f5fd7747d8cede2117b086588dceabc2383e19ae441,0,,57184,cached,nanomaterial,1,other,0,0
5 纳米材料抗菌/团簇抗菌/Au团簇/Angew Chem Int Ed - 2018 - Xie - Gold Nanoclusters for Targeting Methicillin‐Resistant Staphylococcus aureus In Vivo.pdf,5 纳米材料抗菌,943658575949dec6ade615880f1485909283bebef9ddcff7f3771817b10f4386,0,,24674,cached,nanomaterial,1,other,0,0
5 纳米材料抗菌/团簇抗菌/Au团簇/Angew Chem Int Ed - 2023 - Ndugire - Turning on the Antimicrobial Activity of Gold Nanoclusters Against Multidrug‐Resistant.pdf,5 纳米材料抗菌,7939bcca79711df382415ef0138ecab9152ef1a837ee059c2d1a14ad4d89dcb4,0,,51594,cached,nanomaterial,1,antioxidant,1,0
5 纳米材料抗菌/团簇抗菌/Au团簇/antimicrobial-gold-nanoclusters-eradicate-escherichia-coli-biofilms-and-are-nontoxic-by-oral-administration.pdf,5 纳米材料抗菌,ee539e2bb649a639380435719fc38af9c9f952b344502d440bd9bcc76b7ff6c1,0,,48749,cached,nanomaterial,1,other,0,0
5 纳米材料抗菌/团簇抗菌/Au团簇/antimicrobial-gold-nanoclusters.pdf,5 纳米材料抗菌,1026f2934d0edf1e09c7d42c46e0574c290dd415654b62bc5a1c4b39fe2e0a17,0,,43620,cached,nanomaterial,1,antioxidant,0,0
5 纳米材料抗菌/团簇抗菌/Au团簇/antimicrobial-peptide-reduced-gold-nanoclusters-with-charge-reversal-moieties-for-bacterial-targeting-and-imaging.pdf,5 纳米材料抗菌,57bdb7ede3f6bb9d94226db49a5aa9537746fa8b6bab0e389815e1e61f52c9b8,0,,65080,cached,nanomaterial,1,antioxidant,0,0
5 纳米材料抗菌/团簇抗菌/Au团簇/biomimetic-self-assembling-metal-organic-architectures-with-non-iridescent-structural-coloration-for-synergetic.pdf,5 纳米材料抗菌,62db42ac8d95fda030b531d4730d8a19aedd6cb900bb900e0610908feec360a2,0,,56488,cached,nanomaterial,1,other,1,0
5 纳米材料抗菌/团簇抗菌/Au团簇/charge-effect-of-mercaptobenzimidazole-modified-ultrasmall-gold-nanoparticles-against-drug-resistant-bacteria.pdf,5 纳米材料抗菌,23db0f4cacbe5fab9a26159950ce71a908de4131f4434628381bc013118ab520,0,,38561,cached,nanomaterial,1,other,0,0
5 纳米材料抗菌/团簇抗菌/Au团簇/ChemNanoMat - 2019 - Ravindran Girija - Ultrasmall Gold Nanocluster Based Antibacterial Nanoaggregates for Infectious Wound.pdf,5 纳米材料抗菌,003197bff0f92e6aec19fae638fb7c3f067600af61657af518426485be05fb5c,0,,31669,cached,nanomaterial,1,antioxidant,0,0
5 纳米材料抗菌/团簇抗菌/Au团簇/continuous-single-phase-synthesis-of-au25(cys)18-nanoclusters-and-their-photobactericidal-enhancement.pdf,5 纳米材料抗菌,43b4e82bc2631e0ed505a1b053781b14613c87e090036bcbc845128e313dd542,0,,45002,cached,nanomaterial,1,other,0,0
5 纳米材料抗菌/团簇抗菌/Au团簇/controlling-the-interaction-between-fluorescent-gold-nanoclusters-and-biointerfaces-for-rapid-discrimination-of-fungal.pdf,5 纳米材料抗菌,1787cf5cda7b2fbb5532baa7bd46564039aa4940a43e7b3b30a3df8cd1697550,0,,43907,cached,nanomaterial,1,other,0,0
5 纳米材料抗菌/团簇抗菌/Au团簇/d1qm00936b.pdf,5 纳米材料抗菌,516aea6cd074d29153c4cd09eeab055285216857b75e30dd3b6cb562ffb38eae,0,,80052,cached,nanomaterial,1,antioxidant,1,0
5 纳米材料抗菌/团簇抗菌/Au团簇/d1sc03056f.pdf,5 纳米材料抗菌,f52c4cd7dc29fe99f226398f845ac2f75afe70f65486fc5aebcd1ac23e38f73c,0,,55180,cached,nanomaterial,1,antioxidant,1,0
5 纳米材料抗菌/团簇抗菌/Au团簇/d2nr01003h.pdf,5 纳米材料抗菌,5b8a4ce3f515b58a3458bdf0d8dc660ff2cf3aa699ad85aa9987edab4adb0fc8,0,,74026,cached,nanomaterial,1,other,0,0
5 纳米材料抗菌/团簇抗菌/Au团簇/d2ta00720g.pdf,5 纳米材料抗菌,dba773099ac18dfe7b0be825cf8fbe4495f62506cf9ae01ae48d7f5aa4ab46b8,0,,39007,cached,nanomaterial,1,other,0,0
5 纳米材料抗菌/团簇抗菌/Au团簇/fluorescent-and-antibacterial-aminobenzeneboronic-acid-(aba)-modified-gold-nanoclusters-for-self-monitoring-residual.pdf,5 纳米材料抗菌,aef61cff520b4edc1b7483d24818d9d86cd21e070c6d53df4203c56c07db6dfe,0,,52949,cached,nanomaterial,1,other,1,0
5 纳米材料抗菌/团簇抗菌/Au团簇/fmicb-13-1003359.pdf,5 纳米材料抗菌,9d4bb6f008d87eb3ebeeaf4c4fb22dd8568f73a5c1e20c813a3fe0f624379c7a,0,,38286,cached,nanomaterial,1,other,0,0
5 纳米材料抗菌/团簇抗菌/Au团簇/gold-nanoclusters-decorated-zeolitic-imidazolate-frameworks-with-reactive-oxygen-species-generation-for-photoenhanced.pdf,5 纳米材料抗菌,b52e547613bc01c0219e9d20f0cee46463d65390a0f834405ae5a8ef89f5e216,0,,35322,cached,nanomaterial,1,antioxidant,0,0
5 纳米材料抗菌/团簇抗菌/Au团簇/kalita2018.pdf,5 纳米材料抗菌,c56ba09e2a7f9c6896243790a89a616aef659e694b889f820f441c5e76ef017e,0,,58398,cached,nanomaterial,1,other,0,0
5 纳米材料抗菌/团簇抗菌/Au团簇/lethal-interactions-of-atomically-precise-gold-nanoclusters-and-pseudomonas-aeruginosa-and-staphylococcus-aureus.pdf,5 纳米材料抗菌,36f0eb4cc42c772292ee7e02c70ce9db18ee432f3d1ec4cbff41790fc091f1cd,0,,63255,cached,nanomaterial,1,antioxidant,0,0
5 纳米材料抗菌/团簇抗菌/Au团簇/lighting-up-the-gold-nanoclusters-via-host-guest-recognition-for-high-efficiency-antibacterial-performance-and-imaging.pdf,5 纳米材料抗菌,6557a1f950b9aff258a6e430561c6f16fd7f68b49dfbf5f98a1464e9e5086f71,0,,36887,cached,nanomaterial,1,antioxidant,0,0
5 纳米材料抗菌/团簇抗菌/Au团簇/mannosylated-gold-nanoclusters-incorporated-with-a-repurposed-antihistamine-drug-promethazine-for-antibacterial-and.pdf,5 纳米材料抗菌,f36f0c589a10da1473baee32b1d32cf310440f555872a5ab05102f80394b8228,0,,58040,cached,nanomaterial,1,antioxidant,0,0
5 纳米材料抗菌/团簇抗菌/Au团簇/mercaptopyrimidine-conjugated-gold-nanoclusters-as-nanoantibiotics-for-combating-multidrug-resistant-superbugs.pdf,5 纳米材料抗菌,3ad0f10ad2d36d2ec998b8fa140825c95f692912265da06f613291034d243bac,0,,46401,cached,nanomaterial,1,antioxidant,0,0
5 纳米材料抗菌/团簇抗菌/Au团簇/near-infrared-light-assisted-in-situ-reduction-of-antimicrobial-peptide-protected-gold-nanoclusters-for-stepwise.pdf,5 纳米材料抗菌,625c772e6b4c7b9a4943c6a33d9da341c562bcb6b2192f748ea0d38310630d37,0,,49251,cached,nanomaterial,1,other,0,0
5 纳米材料抗菌/团簇抗菌/Au团簇/phenylboronic-acid-modified-gold-nanoclusters-as-a-nanoantibiotic-to-treat-vancomycin-resistant-enterococcus-faecalis.pdf,5 纳米材料抗菌,a02b0cda2d0c1230ccd2bf8f65fd4606e121ec71c380c5bcdbc3df42882946d6,0,,50214,cached,nanomaterial,1,other,0,0
5 纳米材料抗菌/团簇抗菌/Au团簇/s12951-022-01672-7.pdf,5 纳米材料抗菌,048e601e95682406834b6f78fec7fab602e1f0f57a4d185b3596244095669135,0,,63421,cached,nanomaterial,1,gut_microbiome;antioxidant,0,0
5 纳米材料抗菌/团簇抗菌/Au团簇/s41467-020-15004-6.pdf,5 纳米材料抗菌,8156ba7ce466803b6f42d6b6f10771094799bcf8a4e37330e50b05dc55ea5e5a,0,,56586,cached,nanomaterial,1,antioxidant,0,0
5 纳米材料抗菌/团簇抗菌/Au团簇/s41467-024-53537-2.pdf,5 纳米材料抗菌,d6a70086966fbf3c68384d974ebbf8c5512ecda7e82e166f33d6aa37b5b14246,0,,114685,cached,nanomaterial,1,other,0,0
5 纳米材料抗菌/团簇抗菌/Au团簇/Small - 2025 - Zhang - Streamlining Bacterial Gene Regulation via Nucleic Acid Delivery with Gold Nanoclusters.pdf,5 纳米材料抗菌,b1258cddc0ae1c3f8cdd885e5652b33df8e758d0e0e5e270559d5099789cda02,0,,59133,cached,nanomaterial,1,other,0,0
5 纳米材料抗菌/团簇抗菌/Au团簇/surface-ligand-chemistry-of-gold-nanoclusters-determines-their-antimicrobial-ability.pdf,5 纳米材料抗菌,4534f4cc773b2cae1f857943c59bc2d2ce576a783190b5c272de9564aec0e591,0,,50815,cached,nanomaterial,1,antioxidant,1,0
5 纳米材料抗菌/团簇抗菌/Au团簇/unveiling-the-antibacterial-mechanism-of-gold-nanoclusters-via-in-situ-transmission-electron-microscopy.pdf,5 纳米材料抗菌,1f20873a620d4a6bf2d765a79e92ec58c8da9f1846a6aae076d8274bff433d63,0,,40790,cached,nanomaterial,1,antioxidant,0,0
5 纳米材料抗菌/团簇抗菌/Cu团簇/1-s2.0-S0268005X24004181-main.pdf,5 纳米材料抗菌,a323d8c7ae90330d89d1c112492aa848a599dd5d5f52cb89575f82b5a787039a,0,,64755,cached,nanomaterial,1,antioxidant,1,0
5 纳米材料抗菌/团簇抗菌/Cu团簇/1-s2.0-S0304389419317753-main.pdf,5 纳米材料抗菌,9dffac9c83082cdab395739a19f74785c2914fccbbbf68ec926f35e82e9b6e27,0,,63494,cached,nanomaterial,1,antioxidant,1,0
5 纳米材料抗菌/团簇抗菌/Cu团簇/1-s2.0-S1001841718302833-main.pdf,5 纳米材料抗菌,aeafef96a25d0facadaa906dc934a65b8f3a2de387a348965854103427d4c5fd,0,,23795,cached,nanomaterial,1,antioxidant,1,0
5 纳米材料抗菌/团簇抗菌/Cu团簇/1-s2.0-S1385894724037033-main.pdf,5 纳米材料抗菌,b0b37a317f6d7c7497507f87ac97653d268f28782ed0747833203d2b261811ad,0,,54441,cached,nanomaterial,1,antioxidant,1,0
5 纳米材料抗菌/团簇抗菌/Cu团簇/Adv Funct Materials - 2021 - Zhang - Copper Clusters  An Effective Antibacterial for Eradicating Multidrug‐Resistant.pdf,5 纳米材料抗菌,f9207c952f04447b8a78197e076cc6e40ab6b6ae5f7e0dfb3b3815e3c3c59dd2,0,,78284,cached,nanomaterial,1,antioxidant,1,0
5 纳米材料抗菌/团簇抗菌/Cu团簇/copper-nanocluster-doped-luminescent-hydroxyapatite-nanoparticles-for-antibacterial-and-antibiofilm-applications.pdf,5 纳米材料抗菌,f455ef9d882488ba88a9a3f6cd971f76c49a64656d35b99780940ab1f3b476ae,0,,57783,cached,nanomaterial,1,other,1,0
5 纳米材料抗菌/团簇抗菌/Cu团簇/d3dt00333g.pdf,5 纳米材料抗菌,5b81405bd5d69245f312c438b17512a06b7ffa76f94fc8b7948fc507122d4f9f,0,,27817,cached,nanomaterial,1,antioxidant,1,0
5 纳米材料抗菌/团簇抗菌/Cu团簇/d4nr04718d.pdf,5 纳米材料抗菌,07c434174b78b940f6f8162904d6b312ed78d1849fb4dade65db6faeea81e105,0,,47701,cached,nanomaterial,1,antioxidant,1,0
5 纳米材料抗菌/团簇抗菌/Cu团簇/exploring-the-antibacteria-performance-of-multicolor-ag-au-and-cu-nanoclusters.pdf,5 纳米材料抗菌,06b4aaa1cfccc0987cb6e779500933626d8cdcff3e7ad2b4f7b044cdb927564b,0,,41060,cached,nanomaterial,1,antioxidant,1,0
5 纳米材料抗菌/团簇抗菌/Cu团簇/facile-synthesis-size-separation-characterization-and-antimicrobial-properties-of-thiolated-copper-clusters.pdf,5 纳米材料抗菌,678dbc0d8961a3331bdf9ae69dcdd3ae1c1482ef57630afccaeaea8d585a16e8,0,,53954,cached,nanomaterial,1,antioxidant,1,0
5 纳米材料抗菌/团簇抗菌/双金属团簇/1-s2.0-S1385894723020235-main.pdf,5 纳米材料抗菌,342f572d733546a02ab46a29f5b1cd12646e52d9e7d8b93b433e5c14b4d9acc5,0,,63907,cached,nanomaterial,1,antioxidant,0,0
5 纳米材料抗菌/团簇抗菌/双金属团簇/1-s2.0-S1385894725111376-main无配体保护.pdf,5 纳米材料抗菌,28b9e4ccd292dcf6f50a904cfd03d152b4d2f0448f1d3929406035e66f35402f,0,,96543,cached,nanomaterial,1,antioxidant,1,0
5 纳米材料抗菌/团簇抗菌/双金属团簇/Adv Funct Materials - 2026 - Dai - Atomically Precise Core‐Tailoring Au12‐xAgx  x   4  5  6  Nanoclusters for Enhanced.pdf,5 纳米材料抗菌,7cb2facd3d16e02b55d440563863977bc97bd724175d1fdcc09b4041d2136a94,0,,56754,cached,nanomaterial,1,antioxidant,1,0
5 纳米材料抗菌/团簇抗菌/双金属团簇/composition-dependent-antimicrobial-ability-of-full-spectrum-auxag25-x-alloy-nanoclusters.pdf,5 纳米材料抗菌,f29a82db231e1021888eebe519bfd95ecf9713eac01b87d45e3d358bac5cb44f,0,,45854,cached,nanomaterial,1,antioxidant,0,0
5 纳米材料抗菌/团簇抗菌/双金属团簇/d4nr01769b.pdf,5 纳米材料抗菌,0fb52ece45253f1a5f9483e3eb0967a13a354497f713bf57752dac7a53e3ff91,0,,46591,cached,nanomaterial,1,antioxidant,0,0
5 纳米材料抗菌/团簇抗菌/双金属团簇/s12274-022-4837-x.pdf,5 纳米材料抗菌,fde057680fe35ceb5a7a6487b19ca4a1aefe9008431deb1f79aa69f2ceb3aac1,0,,48217,cached,nanomaterial,1,other,0,0
5 纳米材料抗菌/团簇抗菌/双金属团簇/Small - 2025 - Xue - Silver Ion‐Triggered Fabrication of AuAg Bimetallic Aerogel Superstructures with Tailored.pdf,5 纳米材料抗菌,3317e4b68c7a0d2955f192ca7cdf2eb69d03c7486df54217c4979f373814849f,0,,60704,cached,nanomaterial,1,other,0,0
5 纳米材料抗菌/团簇抗菌/双金属团簇/wang2020 (1).pdf,5 纳米材料抗菌,b4338093d0e0633b1d935514afcd8c7f988f4e2dcdb8c68e384e4c88b7f97dca,0,,40352,cached,nanomaterial,1,antioxidant,0,0
5 纳米材料抗菌/团簇抗菌/有机簇/Advanced Materials - 2025 - He - Zwitterionic Photosensitizer‐Assembled Nanocluster Produces Efficient Photogenerated.pdf,5 纳米材料抗菌,f062950a3e3eb3978aa7cdea9c06729f5e2189a1759aa89c5f7cab90cd0326f4,0,,44674,cached,nanomaterial,1,antioxidant,0,0
5 纳米材料抗菌/团簇抗菌/金属化合物簇/sulfated-chitosan-modified-cus-nanocluster-a-versatile-nanoformulation-for-simultaneous-antibacterial-and-bone.pdf,5 纳米材料抗菌,c1dd9985446a88b5098200da90ada09598f87765a7255c28d9a038e9efa40083,0,,68332,cached,nanomaterial,1,antioxidant,1,0
5 纳米材料抗菌/团簇抗菌/金属纳米团簇抗菌类综述/d5cc01275a.pdf,5 纳米材料抗菌,9267be1e41661d4c91f6d4c6d647e7ce06481c474a493e4aaaf51cebad64185f,0,,109933,cached,nanomaterial,1,other,0,0
5 纳米材料抗菌/抗菌综述/1-s2.0-S0010854517305726-main.pdf,5 纳米材料抗菌,f942b1a577053fa9456b31d60a3ad737b4fd9b2fc60d732fe6455d5efb0921e2,0,,108178,cached,nanomaterial,1,antioxidant,0,0
5 纳米材料抗菌/抗菌综述/1-s2.0-S1385894725007764-main.pdf,5 纳米材料抗菌,56061d402c3187fb48512afcf93516cc71d7c49f566a01651eb9a95f514d75a0,0,,99947,cached,nanomaterial,1,other,1,0
5 纳米材料抗菌/抗菌综述/1-s2.0-S221128552401098X-main.pdf,5 纳米材料抗菌,9f27659ad33b866fddbf64b40a44c2db43b3d4bd2685e339c03ef51aa3d49a89,0,,120268,cached,nanomaterial,0,antioxidant,0,0
5 纳米材料抗菌/抗菌综述/Adv Funct Materials - 2021 - Kandoth - Photoactive Lanthanide‐Based Upconverting Nanoclusters for Antimicrobial.pdf,5 纳米材料抗菌,e8145a78dd9f010729583f6bd678736d5831edae2024546e910501ba8e686361,0,,107307,cached,nanomaterial,1,other,0,0
5 纳米材料抗菌/抗菌综述/d5cc01275a.pdf,5 纳米材料抗菌,6c86c71a4721d043611e37f046154ba091c96acc8fd9efbdbdb2e36d9c55575b,0,,109933,cached,nanomaterial,1,other,0,0
5 纳米材料抗菌/抗菌综述/J Biomedical Materials Res - 2018 - Zhu - Antimicrobial strategies for urinary catheters.pdf,5 纳米材料抗菌,3cd989ea4b7a9ea1d0af47a5032ec6d7139e98540a593d5198a1a2deb615993b,0,,114122,cached,biologic,0,other,0,0
5 纳米材料抗菌/抗菌综述/Journal of Nanomaterials - 2022 - Zhang - Antimicrobial Properties of Metal Nanoparticles and Their Oxide Materials and.pdf,5 纳米材料抗菌,a91a11a9d139da95750e4064ebe3c7700890beb0f8de1cffdd20fb8073afb9e2,0,,107291,cached,nanomaterial,0,antioxidant,1,0
5 纳米材料抗菌/抗菌综述/Microbial Biotechnology - 2024 - Arora - Bacterial synthesis of metal nanoparticles as antimicrobials.pdf,5 纳米材料抗菌,b97a49b6f42c2e7b1fa9ff7a983b20100e7c0257e5139018cb9f9468694e74e5,0,,84617,cached,nanomaterial,0,other,1,0
5 纳米材料抗菌/抗菌综述/s12951-022-01538-y.pdf,5 纳米材料抗菌,3f375a556f7c307800469b13900f04789425391b9ff80bb268b024568ccc0475,0,,85283,cached,nanomaterial,1,antioxidant,0,0
5 纳米材料抗菌/抗菌综述/s12951-023-02208-3.pdf,5 纳米材料抗菌,b99ce10d0e484f87102c899d7969c7cbcffbdf59106a3d3d9eacd9ed159ca4dc,0,,132674,cached,nanomaterial,1,antioxidant,1,0
5 纳米材料抗菌/抗菌综述/zheng2020.pdf,5 纳米材料抗菌,924edd908f2275e9600af2c48fc7a085c2323e4fbf2b52d32a4026e30c9cc7f0,0,,61939,cached,nanomaterial,1,antioxidant,1,0
5 纳米材料抗菌/纳米颗粒抗菌/1-s2.0-S0001868625002374-main.pdf,5 纳米材料抗菌,5ef483c74a7e3aac5af8965eeff66be7ddddce7c61bcd04348f90d08fe28611e,0,,227128,cached,nanomaterial,0,antioxidant,1,0
5 纳米材料抗菌/纳米颗粒抗菌/1-s2.0-S0010854521004926-main.pdf,5 纳米材料抗菌,f1de1fa9bb7f731998bae7f25ec2f45a673336fcc09c9993fa196b44e5200c75,0,,60626,cached,nanomaterial,0,other,0,0
5 纳米材料抗菌/纳米颗粒抗菌/1-s2.0-S0010854526000731-main.pdf,5 纳米材料抗菌,6562e056c10715c82342677eaf8fa1067eaf25dc22b3f3a20055700eaff979e0,0,,68905,cached,nanomaterial,0,antioxidant,1,0
5 纳米材料抗菌/纳米颗粒抗菌/1-s2.0-S0043135424018864-main.pdf,5 纳米材料抗菌,32a8e8c14cf130334281b29b6558ec8b632a277506d219feaf8411cb492e7593,0,,61888,cached,nanomaterial,0,antioxidant,1,0
5 纳米材料抗菌/纳米颗粒抗菌/1-s2.0-S0079642526000708-main.pdf,5 纳米材料抗菌,24700b52f8065f620109e75d9a38f1f824c8263146e19e7acc1df3574115f3de,0,,308539,cached,nanomaterial,1,antioxidant,1,0
5 纳米材料抗菌/纳米颗粒抗菌/1-s2.0-S014296122500153X-main.pdf,5 纳米材料抗菌,75220567124558d6ff2e286b731401255a48a6e6ee88472037af73da76d6a595,0,,88764,cached,nanomaterial,0,antioxidant,1,0
5 纳米材料抗菌/纳米颗粒抗菌/1-s2.0-S0142961225005071-main.pdf,5 纳米材料抗菌,3c76c9bb8f872a15446821b3a4f265ab76f12bfa9ab060a02e5c54b1c81f1e6a,0,,85874,cached,nanomaterial,0,antioxidant,0,0
5 纳米材料抗菌/纳米颗粒抗菌/1-s2.0-S0144861724012979-main.pdf,5 纳米材料抗菌,8b37c79072447c0edaf8aeb1d104a77df6de03b23112045f13b1535068515c68,0,,71321,cached,nanomaterial,0,other,0,0
5 纳米材料抗菌/纳米颗粒抗菌/1-s2.0-S0144861726004583-main.pdf,5 纳米材料抗菌,94dd93c8da5f5ce6b8746fadd09b299e04e4533309e33f6ecb95c4c37b93d452,0,,107700,cached,nanomaterial,0,other,0,0
5 纳米材料抗菌/纳米颗粒抗菌/1-s2.0-S0169433216326654-main.pdf,5 纳米材料抗菌,850f488b82412e79ae7ed68a2a9ea3054c16a59674c5291f8adde7af5bfbebc2,0,,61924,cached,nanomaterial,1,other,1,0
5 纳米材料抗菌/纳米颗粒抗菌/1-s2.0-S0304389419306181-mainext.pdf,5 纳米材料抗菌,9e613e046c7e31915ab367bfd7b055bbadc282d54e2ccabd0f4f4ea728374076,0,,53921,cached,nanomaterial,0,antioxidant,0,0
5 纳米材料抗菌/纳米颗粒抗菌/1-s2.0-S0304389422007543-main.pdf,5 纳米材料抗菌,dd40e3c39cfffcf7a22e73b5133cc6ab232b1948f01796f38941d6a4ff30c1f1,0,,42806,cached,nanomaterial,0,antioxidant,0,0
5 纳米材料抗菌/纳米颗粒抗菌/1-s2.0-S0925346721000574-main.pdf,5 纳米材料抗菌,5fe9fc97105c67cbe1328472554fdce770f735795db76911095dc2d869ce4209,0,,43762,cached,nanomaterial,1,other,0,0
5 纳米材料抗菌/纳米颗粒抗菌/1-s2.0-S0926337326002493-main.pdf,5 纳米材料抗菌,830cbe41861f340001be16729920174ba6bef6e09b6cf95741ffef7abc757cdf,0,,56957,cached,unknown,0,other,0,0
5 纳米材料抗菌/纳米颗粒抗菌/1-s2.0-S1001841724011914-main.pdf,5 纳米材料抗菌,897c895da0cdbf4f9d35c95293baac1b20d8c7454b36f980a132444c9ee030d9,0,,37688,cached,nanomaterial,0,antioxidant,0,0
5 纳米材料抗菌/纳米颗粒抗菌/1-s2.0-S1385894722021155-main.pdf,5 纳米材料抗菌,f1e0ed04a9d06c3baac005bd9e3114f022a2c5a6340d1cf04f0c3102c65fa4bd,0,,48409,cached,nanomaterial,0,other,0,0
5 纳米材料抗菌/纳米颗粒抗菌/1-s2.0-S1385894722038050-main.pdf,5 纳米材料抗菌,c12d8b59053cfa664e8d83930cccdf343bd75eee973c12eb51aee4b7eb59e69e,0,,38005,cached,nanomaterial,1,antioxidant,1,0
5 纳米材料抗菌/纳米颗粒抗菌/1-s2.0-S1385894723068729-main.pdf,5 纳米材料抗菌,8b621ed5ec8d45e649ec2f1dd522984068de3834b77429ae55be85180288990a,0,,64516,cached,nanomaterial,0,antioxidant,0,0
5 纳米材料抗菌/纳米颗粒抗菌/1-s2.0-S1385894724024781-main.pdf,5 纳米材料抗菌,954882b67581a9353840424b9257538001a2024e3b8fcc5728a94352b87c1f1c,0,,50046,cached,nanomaterial,1,antioxidant,0,0
5 纳米材料抗菌/纳米颗粒抗菌/1-s2.0-S1385894725009076-main.pdf,5 纳米材料抗菌,f9b0d5699f05a72429410cbe21cafef7c88c213dc168ce26608a758b288e2db8,0,,65739,cached,nanomaterial,0,other,0,0
5 纳米材料抗菌/纳米颗粒抗菌/1-s2.0-S1385894725111868-main.pdf,5 纳米材料抗菌,e1df4b9758b78d2039fd3e6a0dad813de7426c585fd9e34b48eb6fa5c70f9eed,0,,67792,cached,nanomaterial,0,antioxidant,1,0
5 纳米材料抗菌/纳米颗粒抗菌/1-s2.0-S1385894726015706-main.pdf,5 纳米材料抗菌,b33f5b3332f9d16339af189d1d3e196d75344dfdc5181162f5c6aef07a47db4c,0,,74138,cached,nanomaterial,0,other,0,0
5 纳米材料抗菌/纳米颗粒抗菌/1-s2.0-S1385894726037770-main.pdf,5 纳米材料抗菌,8fccc3cb18eae2cf65b78b02c805fd64786ab678e808ae8d9ea3dc287054a783,0,,69319,cached,nanomaterial,0,antioxidant,0,0
5 纳米材料抗菌/纳米颗粒抗菌/1-s2.0-S1385894726045031-main.pdf,5 纳米材料抗菌,eccfbc62db754916305da6b2991158573f69908a9293d8f3be4c1df701197dbd,0,,86325,cached,nanomaterial,0,antioxidant,1,0
5 纳米材料抗菌/纳米颗粒抗菌/1-s2.0-S1385894726061115-main.pdf,5 纳米材料抗菌,9fc91a97722c73f0cae41400b225a8f50cc629a026ccd241f0bc92edc50bd5ca,0,,50255,cached,nanomaterial,0,antioxidant,0,0
5 纳米材料抗菌/纳米颗粒抗菌/1-s2.0-S1748013225001148-main.pdf,5 纳米材料抗菌,0fb632beb05196214bf7496889b3148e6e9c0b63a947b129f182e38485aa41e2,0,,80177,cached,nanomaterial,0,gut_microbiome,0,0
5 纳米材料抗菌/纳米颗粒抗菌/1-s2.0-S2214289426000335-main.pdf,5 纳米材料抗菌,0bb347e798af2be8d934c156e4665b3d98b7504cb914f4c3e05c1a3c1ccdd4b0,0,,72724,cached,nanomaterial,0,antioxidant,0,0
5 纳米材料抗菌/纳米颗粒抗菌/1-s2.0-S2452199X19300520-main.pdf,5 纳米材料抗菌,0cdcccd0a6863536893a6fce05ad298ed0e229ac7efe34cd1b37395ed418d85f,0,,64270,cached,nanomaterial,0,other,0,0
5 纳米材料抗菌/纳米颗粒抗菌/1-s2.0-S2452199X22000445-mainext.pdf,5 纳米材料抗菌,071900288dbab9c5fe3a88214d398ec39804bdc1434ff77ee676d59c105b5d13,0,,59622,cached,nanomaterial,0,antioxidant,0,0
5 纳米材料抗菌/纳米颗粒抗菌/1-s2.0-S2452199X24004997-main.pdf,5 纳米材料抗菌,c1b8e58bc0f9198b88edbefad995e9fc11389104e3e14d9ac81328c9ce0ee196,0,,95315,cached,nanomaterial,0,other,0,0
5 纳米材料抗菌/纳米颗粒抗菌/1-s2.0-S2452199X26000964-main.pdf,5 纳米材料抗菌,f69076fc6c235ab002fa4d35dd5b49b6085e50c9ba07e2a5fd52030a1015cd92,0,,114627,cached,nanomaterial,0,other,0,0
5 纳米材料抗菌/纳米颗粒抗菌/1-s2.0-S2589965125001709-main.pdf,5 纳米材料抗菌,983bd07e10a66babc925ad733e6cfcff51e2bf10f9aedc6fed972e23cde2234c,0,,69457,cached,nanomaterial,0,antioxidant,0,0
5 纳米材料抗菌/纳米颗粒抗菌/1-s2.0-S2589965125001825-main.pdf,5 纳米材料抗菌,4edcb188ca0108f33958fdeb9cbc8bfedaa92b772dc50bb6c4fc9e581367aeaa,0,,157275,cached,nanomaterial,0,other,1,0
5 纳米材料抗菌/纳米颗粒抗菌/1-s2.0-S2589965126000073-main.pdf,5 纳米材料抗菌,89ec1bbc56d7f5171e57c858b2f836af4be47b7550aba23a6c68257096811572,0,,51704,cached,nanomaterial,0,antioxidant,0,0
5 纳米材料抗菌/纳米颗粒抗菌/1-s2.0-S2590006426005910-main.pdf,5 纳米材料抗菌,e5234ce2e5639c539e46fb0187e4ceffca4e2e6071eca55abdb32596ab63f44c,0,,55358,cached,unknown,0,other,0,0
5 纳米材料抗菌/纳米颗粒抗菌/23+SP+7337-12-23-21.pdf,5 纳米材料抗菌,dc967e91f174d8943c1764e65b4baa2afa46f6d49689501641fdca78167fc981,0,,44319,cached,nanomaterial,1,antioxidant,0,0
5 纳米材料抗菌/纳米颗粒抗菌/abrading-induced-breakdown-of-ag-nanoparticles-into-atomically-dispersed-ag-for-enhancing-antimicrobial-performance.pdf,5 纳米材料抗菌,6095cd14686d9fd6ed1b03a07f4181d3e1832e46ce0c291a6e5513b555ab6309,0,,50640,cached,nanomaterial,0,antioxidant,0,0
5 纳米材料抗菌/纳米颗粒抗菌/Adv Funct Materials - 2024 - Cong - Direct Z‐Scheme Xylan‐Based Carbon Dots TiO2‐x Nanocomposites for Visible Light Driven.pdf,5 纳米材料抗菌,0b3946ca6034940db9beb02104bf09c64e1c1bc6df2dde5ee8608ba7020f6319,0,,80939,cached,nanomaterial,0,antioxidant,0,0
5 纳米材料抗菌/纳米颗粒抗菌/Adv Funct Materials - 2025 - Liu - Bonyzymes  Efficient Anti‐Inflammatory  Antibacterial and Osteogenic Agents for.pdf,5 纳米材料抗菌,3743e8dbae34873907442fcc9b8463bfb51c9106fc7d9a00d80c1ee69f7a53a6,0,,83789,cached,nanomaterial,0,antioxidant,1,0
5 纳米材料抗菌/纳米颗粒抗菌/Adv Funct Materials - 2025 - Wang - A Triple‐Integrated 3D‐Printed Composite Scaffold of High‐Activity Peptide‐Metal.pdf,5 纳米材料抗菌,bd0b099ef7fdac65dc2b6d56612f136e65d50b0b22833cc7ded024edbc45a43a,0,,82107,cached,nanomaterial,0,antioxidant,0,0
5 纳米材料抗菌/纳米颗粒抗菌/Adv Funct Materials - 2026 - Cha - Biocompatible but Antibacterial Mechanism of Graphene Oxide for Sustainable Antibiotics.pdf,5 纳米材料抗菌,227ee19fcfaef68cc6e285e07b71d625783fb6fca3b804796b7bdff5dd2741a5,0,,59707,cached,nanomaterial,0,antioxidant,1,0
5 纳米材料抗菌/纳米颗粒抗菌/Adv Funct Materials - 2026 - Guo - PH‐Responsive Cu‐Fe‐MOF Ag Nanocomposite Modulates Antibacterial and Anti‐Inflammatory.pdf,5 纳米材料抗菌,dd82b5edadfd058c5bff18fded56a7ef23c68ae07a28162c1388111ad55b7f4f,0,,86678,cached,nanomaterial,0,antioxidant,1,0
5 纳米材料抗菌/纳米颗粒抗菌/Advanced Materials - 2020 - Linklater - Antibacterial Action of Nanoparticles by Lethal Stretching of Bacterial Cell.pdf,5 纳米材料抗菌,91d6a946abb3410232059aa8e33d06f29d5f0821a4521e253ec533821315a38f,0,,73454,cached,nanomaterial,0,other,0,0
5 纳米材料抗菌/纳米颗粒抗菌/Advanced Materials - 2021 - Sun - High Antibacterial Activity and Selectivity of the Versatile Polysulfoniums that Combat.pdf,5 纳米材料抗菌,478e4e8a4ff5c4dacfea34852ca4030f5af9b9c336c3db8b7bf6ab31055fe3ed,0,,50779,cached,biologic,0,other,0,0
5 纳米材料抗菌/纳米颗粒抗菌/Advanced Materials - 2025 - Li - Diatom‐Inspired Scaffold for Infected Bone Defect Therapy  Achieving Stable Photothermal.pdf,5 纳米材料抗菌,6a6c833f44a23c50f6f67c1b991806e2cec5e35ec7e2299023d7ea9b46b0c99c,0,,70096,cached,nanomaterial,0,antioxidant,1,0
5 纳米材料抗菌/纳米颗粒抗菌/Advanced Materials - 2025 - Qian - Synchronous Sterilization and Immunoreaction Termination for Corneal Transparency.pdf,5 纳米材料抗菌,bea4b8ed5a32b00560790aa4fbd6562be0fc76c4ab5e2720bb899000768cd7a4,0,,102445,cached,nanomaterial,0,antioxidant,0,0
5 纳米材料抗菌/纳米颗粒抗菌/Advanced Materials - 2026 - Bi - Solution‐Processed Flexible Glass‐Like Antibacterial Nanocomposite Coatings.pdf,5 纳米材料抗菌,5f04e970a61d550efc8ede35a456168487f520a82f27131b8fae512f9d86ce20,0,,54679,cached,nanomaterial,0,other,1,0
5 纳米材料抗菌/纳米颗粒抗菌/Advanced Materials - 2026 - Huang - Aminotetrazole Gold Nanocomplexes Shunt Electrons to Eradicate Bacteria Without.pdf,5 纳米材料抗菌,b527f968d4ccdc58de1d5b97466ca6ae20682f6262a7bfb34cf4f79a70845a40,0,,92814,cached,nanomaterial,0,antioxidant,0,0
5 纳米材料抗菌/纳米颗粒抗菌/Advanced Materials - 2026 - Liu - Self‐Evolving Hydrogel Dressing Temporally Accelerates Infected Diabetic Wound Healing.pdf,5 纳米材料抗菌,9a92a9864044873e6a04e3e2d81cdef4959642d511e86d43cf2412346cd923ee,0,,97478,cached,nanomaterial,0,antioxidant,0,0
5 纳米材料抗菌/纳米颗粒抗菌/an-inorganic-stimulator-of-interferon-genes-sensitizer-for-the-metalloimmunotherapy-of-intracellular-bacterial.pdf,5 纳米材料抗菌,daab385476d1a57169d12b83f60d55747620a25dce79f62fc01b6a304d46cf3f,0,,90745,cached,nanomaterial,0,antioxidant,1,0
5 纳米材料抗菌/纳米颗粒抗菌/Angew Chem Int Ed - 2016 - Pillai - Engineering Gram Selectivity of Mixed‐Charge Gold Nanoparticles by Tuning the Balance.pdf,5 纳米材料抗菌,c44e95fb00f9467c36b08d59c45bd6ff277cdb7ef11359ed322022e25640635d,0,,27714,cached,nanomaterial,0,other,0,0
5 纳米材料抗菌/纳米颗粒抗菌/Angew Chem Int Ed - 2020 - Xie - Activating the Antibacterial Effect of 4 6‐Diamino‐2‐pyrimidinethiol‐Modified Gold.pdf,5 纳米材料抗菌,f573814a1bfe9e13fb77d71f045f322e07f24d9ea30557ad6e9f0af11885e791,0,,28594,cached,nanomaterial,0,other,0,0
5 纳米材料抗菌/纳米颗粒抗菌/antibacterial-and-antiviral-activities-of-silver-nanocluster-silica-composite-coatings-deposited-onto-air-filters.pdf,5 纳米材料抗菌,2bd7612174ba73bceedaa28ed36d531fc2f8f3e5a47185b2c6ea3454fcc35ea5,0,,59756,cached,nanomaterial,1,other,1,0
5 纳米材料抗菌/纳米颗粒抗菌/biomimetic-metallic-nanostructures-for-biomedical-applications-catalysis-and-beyond.pdf,5 纳米材料抗菌,c7aa7cfc7e09d019b1564505ab018ebf41791e942c33a2cab5ada7000e1436d7,0,,269656,cached,nanomaterial,1,other,0,0
5 纳米材料抗菌/纳米颗粒抗菌/BMEMat - 2023 - Jiao - Biomass‐derived washable composites for accelerating the healing of infected wounds.pdf,5 纳米材料抗菌,8657575935b245257efd27d4d1ae25aecb66b4936d2827b0f27ae77d3cb668e2,0,,46487,cached,nanomaterial,0,antioxidant,0,0
5 纳米材料抗菌/纳米颗粒抗菌/Comp Rev Food Sci Food Safe - 2025 - Luo - Recent Progress on Silver‐Based Antibacterial Food Packaging.pdf,5 纳米材料抗菌,9fbaaadfc9d85314702d3e215e426ad0f19b294af16f646b6ed85b14797a2fa6,0,,123763,cached,nanomaterial,0,other,0,0
5 纳米材料抗菌/纳米颗粒抗菌/cysteine-protected-antibacterial-spheroids-of-atomically-precise-copper-clusters-for-direct-and-affordable-arsenic.pdf,5 纳米材料抗菌,ad2bd20f0034aafc44836ebdafb322e025c91ed15bc1b2de7e10d4c5412a30b7,0,,35515,cached,nanomaterial,1,other,1,0
5 纳米材料抗菌/纳米颗粒抗菌/d0ta10742e.pdf,5 纳米材料抗菌,e066b96ba29ce1edcca8939e6abc3a558bfced330b1c4f6c118fef50bdb3748b,0,,50374,cached,nanomaterial,1,other,0,1
5 纳米材料抗菌/纳米颗粒抗菌/d0tb02332a.pdf,5 纳米材料抗菌,40e739af42470743d090cd3e9e7d1c001b969d233387c23e478eea26ac92ff6c,0,,27686,cached,nanomaterial,0,antioxidant,0,0
5 纳米材料抗菌/纳米颗粒抗菌/d1nr05198a.pdf,5 纳米材料抗菌,431f07cc6a7bff9006c7a149d8a3547e076f555a92e8fe3b8ffdc596138f0eb4,0,,40987,cached,nanomaterial,1,antioxidant,1,0
5 纳米材料抗菌/纳米颗粒抗菌/deploying-gold-nanomaterials-in-combating-multi-drug-resistant-bacteria.pdf,5 纳米材料抗菌,c6efeb824e278325766f815bef8fee4854ff29c61c373612b008f2849bf73235,0,,124422,cached,nanomaterial,0,antioxidant,0,0
5 纳米材料抗菌/纳米颗粒抗菌/drug-in-drug-quorum-sensing-inhibitor-in-star-shaped-antibacterial-polypeptides-for-inhibiting-and-eradicating-corneal.pdf,5 纳米材料抗菌,d022287647642941f11e15e185adc052194963be6f5830b2fcafde974f732650,0,,87012,cached,nanomaterial,0,other,0,0
5 纳米材料抗菌/纳米颗粒抗菌/enhanced-antibacterial-efficacy-of-copper-single-atom-catalysts-on-a-two-dimensional-boron-nitride-platform.pdf,5 纳米材料抗菌,0c2138404c282fd637e86563367047fdec7ff243cda21f4cd2cc58c2f2a3fd1c,0,,79857,cached,nanomaterial,1,antioxidant,1,0
5 纳米材料抗菌/纳米颗粒抗菌/living-cell-metal-cyborg-microalgae-for-treating-mrsa-infection.pdf,5 纳米材料抗菌,c848e44a8ce6b34bfb1f181981127abd62ef3a2d9160ba75f6de478ad352a348,0,,83271,cached,nanomaterial,0,antioxidant,0,0
5 纳米材料抗菌/纳米颗粒抗菌/magnetic-extraction-of-acinetobacter-baumannii-using-colistin-functionalized-γ-fe2o3-au-core-shell-composite.pdf,5 纳米材料抗菌,81f8d2ebbebf85cb362965d5777e83db5ff8ca942d422fb939412f6b325c0dd8,0,,60462,cached,nanomaterial,1,other,0,0
5 纳米材料抗菌/纳米颗粒抗菌/nsa-17-227.pdf,5 纳米材料抗菌,688bded271e12eb525fe91b871b3a2cbb298b9fca138474c9dbcff31428eca99,0,,86873,cached,nanomaterial,0,other,0,0
5 纳米材料抗菌/纳米颗粒抗菌/porous-polymersomes-as-carriers-for-silver-nanoparticles-and-nanoclusters-advantages-of-compartmentalization-for.pdf,5 纳米材料抗菌,2c52cf04722358b0718525a235301ffcb046f2a4b627e4b5dc9c60db341ecf4c,0,,46449,cached,nanomaterial,1,antioxidant,0,0
5 纳米材料抗菌/纳米颗粒抗菌/Rare Metals - 2025 - Fang - PDA and CeO2 synergistically functionalized montmorillonite nanosheets for reinforcing.pdf,5 纳米材料抗菌,a58deed1158e645d6dfb9ae6f0dad9f73752b98d42b2225e367ce93aef6cb4cb,0,,53160,cached,nanomaterial,0,antioxidant,0,0
5 纳米材料抗菌/纳米颗粒抗菌/s10311-020-01071-0.pdf,5 纳米材料抗菌,b65c7cbe40a888b9a9140b94fd16881acf7dc4a62f609b6bc4183a099916ad5b,0,,87455,cached,nanomaterial,0,antioxidant,1,0
5 纳米材料抗菌/纳米颗粒抗菌/s10570-024-05911-y.pdf,5 纳米材料抗菌,c3bd820609aa968b0de1f2e628d1f86f949e6f00e9423fa2823aee4b82c6e43b,0,,54705,cached,biologic,0,other,0,0
5 纳米材料抗菌/纳米颗粒抗菌/s12598-023-02507-6.pdf,5 纳米材料抗菌,400648b607eeae5fffc7d27c83e46dc5596b234f176615701f976e29ee9fd4a8,0,,42278,cached,nanomaterial,0,antioxidant,0,0
5 纳米材料抗菌/纳米颗粒抗菌/s12598-023-02549-w.pdf,5 纳米材料抗菌,2c0019160d2f3df348fb536aab7623438b38e7776b4ade70a74056a89c64c17f,0,,41308,cached,nanomaterial,0,other,1,0
5 纳米材料抗菌/纳米颗粒抗菌/s40820-024-01353-0.pdf,5 纳米材料抗菌,9fee9a427a3d8de7d716235a3805d5e9824d50107fd11b31dc2c00545a4259d2,0,,68619,cached,nanomaterial,0,antioxidant,0,0
5 纳米材料抗菌/纳米颗粒抗菌/s41467-021-20965-3.pdf,5 纳米材料抗菌,71a47e00135631fb435696190009950c8ba2e2dc3d3c1374c5fcd24a7c293bea,0,,132602,cached,nanomaterial,0,antioxidant,0,0
5 纳米材料抗菌/纳米颗粒抗菌/s41467-026-70930-1.pdf,5 纳米材料抗菌,365da6f35153875e3836d936a440aae1ee5f75efe093619066ad53e210ef65fd,0,,67894,cached,nanomaterial,0,antioxidant,1,0
5 纳米材料抗菌/纳米颗粒抗菌/s41598-024-74273-z.pdf,5 纳米材料抗菌,4a15c7ac5876e25044a4e302813506dd5c692f084d7ff5ef480118cb3f7018d0,0,,54594,cached,nanomaterial,1,antioxidant,0,0
5 纳米材料抗菌/纳米颗粒抗菌/s42114-026-01703-z.pdf,5 纳米材料抗菌,de83becf1e2912db511621fd9c9dfb2ef8d5c91403b7be3a84733fe4b28e13d0,0,,48568,cached,nanomaterial,0,other,1,0
5 纳米材料抗菌/纳米颗粒抗菌/s42114-026-01733-7.pdf,5 纳米材料抗菌,7cd695455e4146006ca4eaa7030dad45907049b481aa804228b1dc836da59165,0,,70239,cached,nanomaterial,0,antioxidant,0,0
5 纳米材料抗菌/纳米颗粒抗菌/sciadv.ado5555.pdf,5 纳米材料抗菌,4fea346b38c64d6fb1bad4c7bd26a4cf2bc706f6b736719a47482db9e29ef12a,0,,120732,cached,nanomaterial,0,antioxidant,1,0
5 纳米材料抗菌/纳米颗粒抗菌/sciadv.adt3159.pdf,5 纳米材料抗菌,83c67979146eb75d828b7fe410dd8a4ceba9c59160465c64101678b3665bce6b,0,,85704,cached,nanomaterial,0,antioxidant,0,0
5 纳米材料抗菌/纳米颗粒抗菌/silver-hydrogen-exchanged-zeolites-embedded-in-modified-polyethylene-blends-for-antibacterial-packaging-with-prolonged.pdf,5 纳米材料抗菌,4091468df4fc31cb4bb4bca1310dc35636f072334c876d37b643e5dcc4a4a552,0,,72645,cached,nanomaterial,0,other,0,0
5 纳米材料抗菌/纳米颗粒抗菌/Small - 2025 - Shi - Photothermal‐Propelled Au‐CeO2 Micromotors for Synergistic Photocatalytic‐Photothermal Antibacterial.pdf,5 纳米材料抗菌,4860ac90bad162baef3f80a8b674191542d0d4a4147a56f2207200187ec95551,0,,62173,cached,nanomaterial,0,antioxidant,0,0
5 纳米材料抗菌/纳米颗粒抗菌/Small - 2026 - Britto - Antibacterial Performance of Copper‐loaded Mesoporous C3N6.pdf,5 纳米材料抗菌,c17b6d7e04a20675ff5267624798310639a0335afdd166ac1c4f4b3271b5c0b3,0,,57753,cached,nanomaterial,0,antioxidant,1,0
5 纳米材料抗菌/纳米颗粒抗菌/Small - 2026 - Wang - Tunable Morphological Engineering of Self‐Assembled Copper‐Glutathione Nanoarchitectures .pdf,5 纳米材料抗菌,031c5b264690e5f01807a7cd23685332573149a5136884911dbe08b9951d0a27,0,,74839,cached,nanomaterial,0,antioxidant,1,0
5 纳米材料抗菌/纳米颗粒抗菌/Small - 2026 - Yang - Nano‐Functionalized Biopolymer Films with Green‐Synthesized CuO Attapulgite for Light‐Promoted.pdf,5 纳米材料抗菌,b3532b37a81730a57a5eb08edc656c644be2c4ff5fbc248cfbbc563bceee27f0,0,,81794,cached,nanomaterial,0,other,1,0
5 纳米材料抗菌/纳米颗粒抗菌/synthesis-of-ultrastable-copper-sulfide-nanoclusters-via-trapping-the-reaction-intermediate-potential-anticancer-and.pdf,5 纳米材料抗菌,e30934ec89d95a79cadf5bb1ba3312d091eab591b45c405da59f3c61599aa781,0,,57634,cached,nanomaterial,1,other,1,0
6 金属纳米团簇的合成策略/1-s2.0-S0001868617302415-main.pdf,6 金属纳米团簇的合成策略,c7321536874707881f8fb1f13eac4852d2e56fcf28916786835178089b813cf3,0,,78811,cached,nanomaterial,1,other,0,0
6 金属纳米团簇的合成策略/1-s2.0-S0001868619303513-main.pdf,6 金属纳米团簇的合成策略,6b419cb66d7b5aacf9fa12c390fbdb274325056fe6bdf64fa440676f79c669d2,0,,49123,cached,nanomaterial,1,other,0,0
6 金属纳米团簇的合成策略/1-s2.0-S0010854517304319-main.pdf,6 金属纳米团簇的合成策略,1ee1d6a11b66d01d06bd1535ed1974f9735f6c188f4e64f384bee422a525c5b1,0,,129509,cached,nanomaterial,1,other,1,0
6 金属纳米团簇的合成策略/1-s2.0-S001085452100134X-main.pdf,6 金属纳米团簇的合成策略,3e04c5d00608be5f195a4a6e2f8e861c676c0870268ce9530d9a43e6ca504a12,0,,87210,cached,nanomaterial,1,other,0,0
6 金属纳米团簇的合成策略/1-s2.0-S0010854521005427-main.pdf,6 金属纳米团簇的合成策略,dcef1ea2c4114bd6d46939d7f6cb7199cbca0eede10b03ab3554ac3123730edf,0,,159439,cached,nanomaterial,1,other,0,0
6 金属纳米团簇的合成策略/1-s2.0-S1001841725008812-main.pdf,6 金属纳米团簇的合成策略,9fe5eeb2873ee6eadf1184a01d79dbbacb30e06bc336305f7da28ab01f0ff074,0,,42392,cached,nanomaterial,1,antioxidant,0,0
6 金属纳米团簇的合成策略/Advanced Materials - 2018 - Yao - Engineering Functional Metal Materials at the Atomic Level.pdf,6 金属纳米团簇的合成策略,52ae37b0deee6aa6f76035d3b0fb5a5d76de9418f8f6002562acabd7707200f5,0,,118300,cached,nanomaterial,1,other,0,0
6 金属纳米团簇的合成策略/Advanced Materials - 2020 - Yuan - Miscible‐Solvent‐Assisted Two‐Phase Synthesis of Monolayer‐Ligand‐Protected Metal.pdf,6 金属纳米团簇的合成策略,eca2d5345932ed4e3bd369a0b80f4687f8141884b15d8a64972074cefbd4c2d8,0,,38485,cached,nanomaterial,1,other,1,0
6 金属纳米团簇的合成策略/Advanced Materials - 2021 - Chen - Interactions of Metal Nanoclusters with Light  Fundamentals and Applications.pdf,6 金属纳米团簇的合成策略,63fd18cb105ba381e7f55b3af299a610d13b9d11f2e96f4b6ce4d3da890abb7e,0,,72463,cached,nanomaterial,1,other,0,0
6 金属纳米团簇的合成策略/Advanced Materials - 2021 - Li - Programmable Metal Nanoclusters with Atomic Precision.pdf,6 金属纳米团簇的合成策略,0b2a70fd5e9ff7efef5cf03a84735e23dce89d8358e823244af27dae17863374,0,,112967,cached,nanomaterial,1,other,0,0
6 金属纳米团簇的合成策略/Advanced Materials - 2025 - Yang - Precise Surface Engineering of Metal Nanoclusters  Ligand Programming for Functionality.pdf,6 金属纳米团簇的合成策略,0698ed32f25f35a598789a02c1deb2dda91e1b71813c9301e4c723dadc10276f,0,,142897,cached,nanomaterial,1,other,0,0
6 金属纳米团簇的合成策略/Aggregate - 2026 - Guo - Light Up a Nanocluster.pdf,6 金属纳米团簇的合成策略,39d5ebf7e500665c2541c184422d98afd820b22f49f5e79fe4f3494cfa3ef19c,0,,200982,cached,nanomaterial,1,other,1,0
6 金属纳米团簇的合成策略/Angew Chem Int Ed - 2014 - Yuan - Balancing the Rate of Cluster Growth and Etching for Gram‐Scale Synthesis of (1).pdf,6 金属纳米团簇的合成策略,b86f10e3101c33b9d690c170a3c669eaf72090e591de8f217700c1bbe2adccc0,0,,26995,cached,nanomaterial,1,other,0,0
6 金属纳米团簇的合成策略/atomically-precise-metal-nanoclusters-for-catalysis.pdf,6 金属纳米团簇的合成策略,a5279c5333a031f5866cb86cef9e4900efdee2d7d443cc061e9810b0f858d3be,0,,20849,cached,nanomaterial,1,other,1,0
6 金属纳米团簇的合成策略/c3nr00464c.pdf,6 金属纳米团簇的合成策略,409f986a1bb30f58a6e9188e3682d48bdb2075ffdef0f0e8f0f4a7c607553129,0,,72267,cached,nanomaterial,1,other,0,0
6 金属纳米团簇的合成策略/c7cc04942k.pdf,6 金属纳米团簇的合成策略,fe990dc7844d4f29927d29f91d230a626d1456c3301ae971711df1006139010b,0,,25112,cached,nanomaterial,1,other,0,0
6 金属纳米团簇的合成策略/c7mh00451f.pdf,6 金属纳米团簇的合成策略,4e8d7825f6bf143b2ef76c46fb05d14e9fe355bcdeeb555df75edc18d2d6d654,0,,79677,cached,nanomaterial,1,other,0,0
6 金属纳米团簇的合成策略/Chemistry   An Asian Journal - 2018 - Wang - Silver Doping‐Induced Luminescence Enhancement and Red‐Shift of Gold.pdf,6 金属纳米团簇的合成策略,7d10588840bf61d4ddd91ace5296df5e9d1733f1fd530df3ebd80d5096690121,0,,27548,cached,nanomaterial,1,other,0,0
6 金属纳米团簇的合成策略/d0nr00379d.pdf,6 金属纳米团簇的合成策略,e85a3452576921c9f671970a3ae1c020c89e7ff2cff5f467ac3ad9c3a0fd549e,0,,32965,cached,nanomaterial,1,other,0,0
6 金属纳米团簇的合成策略/d0nr04439c.pdf,6 金属纳米团簇的合成策略,33b3b6fd6a9bf46310082ebdbff1ff749c61620a2252f86124a42723b4969e11,0,,27903,cached,nanomaterial,1,other,0,0
6 金属纳米团簇的合成策略/d0nr08152c.pdf,6 金属纳米团簇的合成策略,6dccf3c0f87b72d9bca26b8f5423ca5dd8b0f3dd840005388859e6f9bf3285ad,0,,36490,cached,nanomaterial,1,other,0,0
6 金属纳米团簇的合成策略/d0sc04620e.pdf,6 金属纳米团簇的合成策略,4a7fc6489d6c636b9e24af37648b0bfe511b465aecda393bfe57ef9ff8acd20f,0,,165013,cached,nanomaterial,1,other,0,0
6 金属纳米团簇的合成策略/d1nr05503h.pdf,6 金属纳米团簇的合成策略,685c9412f1ae9705b11d50f9cde2e47bbb7c173d6205620db317c92c87244dc1,0,,41123,cached,nanomaterial,1,antioxidant,0,0
6 金属纳米团簇的合成策略/d2ta00720g.pdf,6 金属纳米团簇的合成策略,1dc5618cb3a41e0e50b19b81d6fb219967d13d6115e61fe24d5e4cb67d7f28e0,0,,39007,cached,nanomaterial,1,other,0,0
6 金属纳米团簇的合成策略/dynamic-metal-exchange-between-a-metalloid-silver-cluster-and-silver(i)-thiolate.pdf,6 金属纳米团簇的合成策略,e9c4ee40ca931caaca7d415363e169bd992d21540804f4213332b8dad94c64b9,0,,44092,cached,nanomaterial,1,other,0,0
6 金属纳米团簇的合成策略/electrochemistry-of-atomically-precise-metal-nanoclusters.pdf,6 金属纳米团簇的合成策略,afa1e85a7f4a50f216f5209771aa310026a29eefc4a5b3859065e38515164662,0,,46850,cached,nanomaterial,1,other,0,0
6 金属纳米团簇的合成策略/engineering-au44-nanoclusters-for-nir-ii-luminescence-imaging-guided-photoactivatable-cancer-immunotherapy.pdf,6 金属纳米团簇的合成策略,046bb7590ad51e92a4198154d93c7d5458756d485ad0fc421ee8fb55b20c41b3,0,,52517,cached,nanomaterial,1,other,0,0
6 金属纳米团簇的合成策略/highly-luminescent-auag-nanoclusters-with-aggregation-induced-emission-for-high-performance-white-led-application.pdf,6 金属纳米团簇的合成策略,1df8c57446559a7a13dc37c3f9739684cc4c13b0f3f755474e519fc32232d40b,0,,40898,cached,nanomaterial,1,other,1,0
6 金属纳米团簇的合成策略/integration-of-metal-catalysis-and-organocatalysis-in-a-metal-nanocluster-with-anchored-proline.pdf,6 金属纳米团簇的合成策略,fac8bbc022ddc69605640e1efb88b2115e04f5da7921e81ab8bd6a0948a32594,0,,44028,cached,nanomaterial,1,other,0,0
6 金属纳米团簇的合成策略/nwaa208.pdf,6 金属纳米团簇的合成策略,9738901f19356674ec2e72e216ffebddb6b13a78331df60310527d59eb055ac5,0,,12566,cached,nanomaterial,1,other,0,0
6 金属纳米团簇的合成策略/Part   Part Syst Charact - 2014 - Yu - Solvent Controls the Formation of Au29 SR 20 Nanoclusters in the CO‐Reduction Method.pdf,6 金属纳米团簇的合成策略,9c08123941444517085cda05c693f6d4563b74fe0b9199ea7eb9d070a1d299f9,0,,27276,cached,nanomaterial,1,other,0,0
6 金属纳米团簇的合成策略/real-time-monitoring-of-the-dynamic-intracluster-diffusion-of-single-gold-atoms-into-silver-nanoclusters.pdf,6 金属纳米团簇的合成策略,653d99ef8c3f410f218f0db7d4fdc56cefcb4b7ec424be85a88b34f557607ec7,0,,45194,cached,nanomaterial,1,other,0,0
6 金属纳米团簇的合成策略/s41467-017-00970-1.pdf,6 金属纳米团簇的合成策略,169810e78810b69ea93bfb87fccae499dfd12e8ecafe065371bd3bb74822650e,0,,60514,cached,nanomaterial,1,other,0,0
6 金属纳米团簇的合成策略/s41467-022-29276-7 (1).pdf,6 金属纳米团簇的合成策略,6b505436cb37ecc325ad73f5fec08f5a5f49c432e9041fd5f53a1bd2e4a61dcd,0,,62145,cached,nanomaterial,1,other,0,0
6 金属纳米团簇的合成策略/synthesis-of-highly-fluorescent-metal-(ag-au-pt-and-cu)-nanoclusters-by-electrostatically-induced-reversible-phase.pdf,6 金属纳米团簇的合成策略,0d838b03d4f78bae2095c0261757b5c6447698a1c6ca6ad7bc0d9ad1a58f2674,0,,40264,cached,nanomaterial,1,other,1,0
6 金属纳米团簇的合成策略/toward-total-synthesis-of-thiolate-protected-metal-nanoclusters.pdf,6 金属纳米团簇的合成策略,6836fdd28ee2fcaa47eaeac1e4cee607392c75da90a199137ae2a6fc5032870e,0,,46108,cached,nanomaterial,1,other,0,0
6 金属纳米团簇的合成策略/traveling-through-the-desalting-column-spontaneously-transforms-thiolated-ag-nanoclusters-from-nonluminescent-to-highly.pdf,6 金属纳米团簇的合成策略,40b85dd4a6288751e6d5eb7bafa812f24b587b27ba316197f74f50ee5b608c21,0,,26032,cached,nanomaterial,1,other,0,0
6 金属纳米团簇的合成策略/Understanding-ligand-protected-noble-metal-nanoclusters-at-work.pdf,6 金属纳米团簇的合成策略,5bcc566700751f774a40fa6a38bd6a5f1c88096bd928aafa35ad8ff232a1e7d9,0,,118586,cached,nanomaterial,1,other,1,0
6 金属纳米团簇的合成策略/yao2018.pdf,6 金属纳米团簇的合成策略,f957c34ce140cec2236ec806e1e2881f8396a5ca7e8a3119bf7538915c3c6924,0,,46096,cached,nanomaterial,1,other,0,0
7 注射治疗方式/1-s2.0-S0144861722011067-main.pdf,7 注射治疗方式,adee0e139d78765bb674daa3fce1f65db5e8dc800a8d61f2e0d77fda734d0878,0,,51405,cached,nanomaterial,0,other,0,0
7 注射治疗方式/1-s2.0-S0168365921003369-main.pdf,7 注射治疗方式,e9a38f3cc6000ba524378a6ad0ff1dc73a4428be313621702b8af7169ce3e0d4,0,,70087,cached,biologic,0,other,0,0
7 注射治疗方式/1-s2.0-S0168365924002098-main.pdf,7 注射治疗方式,79c1858866b90733d146cf7cbc906b1cceb6e65141325aaf1c2b522a31f07363,0,,77200,cached,biologic,0,other,0,0
7 注射治疗方式/1-s2.0-S1359644621002014-main.pdf,7 注射治疗方式,37a30bd4e62fe754c98c885db7475f091528442ff28bfb3ab1cf91232ec0f7fe,0,,58313,cached,nanomaterial,0,other,0,0
7 注射治疗方式/1-s2.0-S1549963419301273-main.pdf,7 注射治疗方式,b89c45c3faaea918042c0da6d99dc6a312a38a736a153fc15e4a620ad4302995,0,,56496,cached,nanomaterial,0,other,0,0
7 注射治疗方式/1-s2.0-S2211383516300570-main.pdf,7 注射治疗方式,3a9bde94239f98017e11ba5b592975111ebf83fd8e24d0a1f667d899567d2044,0,,34167,cached,small_molecule,0,other,0,0
7 注射治疗方式/assessment-of-pharmacokinetics-toxicity-and-biodistribution-of-a-high-dose-of-titanate-nanotubes-following-intravenous.pdf,7 注射治疗方式,181443e42acd6f5747fead84fc9a26c7ec3e7eeb9b858fc1006f4d476a0e2bce,0,,63550,cached,nanomaterial,0,other,0,0
7 注射治疗方式/d3nr03524g.pdf,7 注射治疗方式,56dbefecfd65a28883494ee564275944b83d1b79e2a7feddec650b7ffacd51eb,0,,61554,cached,nanomaterial,0,antioxidant,0,0
7 注射治疗方式/ehaf784.4801.pdf,7 注射治疗方式,12f02dacc23e1c46fa013ea649f8fdbc74a8dc9923ecbd621335a19c5017b9bd,0,,3250,cached,biologic,0,other,0,0
7 注射治疗方式/IJN-157293-biodistribution--pharmacokinetics-and-toxicity-of-dendrimer-_031218.pdf,7 注射治疗方式,0da6d231133a9071aca143a9fa3b7367a4bddeea0b99c2a709f5c8492aad3e9c,0,,46508,cached,nanomaterial,0,other,0,0
7 注射治疗方式/mcvie1985.pdf,7 注射治疗方式,e96d3bb9e18c64c6921e0b31ae77b7b25ab54c10b6f191441fe6479b9a6595af,0,,18077,cached,biologic,0,other,0,0
7 注射治疗方式/renier2005.pdf,7 注射治疗方式,49400c81ae605fb9d91c3e5a097b1c1a39d99108a0144afd3f05bcee4ba6bfde,0,,28819,cached,small_molecule,0,other,0,0
7 注射治疗方式/s42114-024-00884-9.pdf,7 注射治疗方式,3f6f76da3e793650daea37c55bf6d26ec3e5286b66e7483a34dd435c6e530db1,0,,77769,cached,nanomaterial,0,other,0,0
7 注射治疗方式/Subcutaneous-drug-delivery-from-nanoscale-systems.pdf,7 注射治疗方式,ac4fe49226ea07caf030f1e3ff67c84a9ff86f5feb9cbf06ba9afe5709ad40f5,0,,132826,cached,nanomaterial,0,other,0,0
7 注射治疗方式×/1-s2.0-S0144861722011067-main.pdf,7 注射治疗方式×,adee0e139d78765bb674daa3fce1f65db5e8dc800a8d61f2e0d77fda734d0878,1,,51405,duplicate,nanomaterial,0,other,0,0
7 注射治疗方式×/1-s2.0-S0168365921003369-main.pdf,7 注射治疗方式×,e9a38f3cc6000ba524378a6ad0ff1dc73a4428be313621702b8af7169ce3e0d4,1,,70087,duplicate,biologic,0,other,0,0
7 注射治疗方式×/1-s2.0-S0168365924002098-main.pdf,7 注射治疗方式×,79c1858866b90733d146cf7cbc906b1cceb6e65141325aaf1c2b522a31f07363,1,,77200,duplicate,biologic,0,other,0,0
7 注射治疗方式×/1-s2.0-S1359644621002014-main.pdf,7 注射治疗方式×,37a30bd4e62fe754c98c885db7475f091528442ff28bfb3ab1cf91232ec0f7fe,1,,58313,duplicate,nanomaterial,0,other,0,0
7 注射治疗方式×/1-s2.0-S1549963419301273-main.pdf,7 注射治疗方式×,b89c45c3faaea918042c0da6d99dc6a312a38a736a153fc15e4a620ad4302995,1,,56496,duplicate,nanomaterial,0,other,0,0
7 注射治疗方式×/1-s2.0-S2211383516300570-main.pdf,7 注射治疗方式×,3a9bde94239f98017e11ba5b592975111ebf83fd8e24d0a1f667d899567d2044,1,,34167,duplicate,small_molecule,0,other,0,0
7 注射治疗方式×/assessment-of-pharmacokinetics-toxicity-and-biodistribution-of-a-high-dose-of-titanate-nanotubes-following-intravenous.pdf,7 注射治疗方式×,181443e42acd6f5747fead84fc9a26c7ec3e7eeb9b858fc1006f4d476a0e2bce,1,,63550,duplicate,nanomaterial,0,other,0,0
7 注射治疗方式×/d3nr03524g.pdf,7 注射治疗方式×,56dbefecfd65a28883494ee564275944b83d1b79e2a7feddec650b7ffacd51eb,1,,61554,duplicate,nanomaterial,0,antioxidant,0,0
7 注射治疗方式×/ehaf784.4801.pdf,7 注射治疗方式×,12f02dacc23e1c46fa013ea649f8fdbc74a8dc9923ecbd621335a19c5017b9bd,1,,3250,duplicate,biologic,0,other,0,0
7 注射治疗方式×/IJN-157293-biodistribution--pharmacokinetics-and-toxicity-of-dendrimer-_031218.pdf,7 注射治疗方式×,0da6d231133a9071aca143a9fa3b7367a4bddeea0b99c2a709f5c8492aad3e9c,1,,46508,duplicate,nanomaterial,0,other,0,0
7 注射治疗方式×/mcvie1985.pdf,7 注射治疗方式×,e96d3bb9e18c64c6921e0b31ae77b7b25ab54c10b6f191441fe6479b9a6595af,1,,18077,duplicate,biologic,0,other,0,0
7 注射治疗方式×/renier2005.pdf,7 注射治疗方式×,49400c81ae605fb9d91c3e5a097b1c1a39d99108a0144afd3f05bcee4ba6bfde,1,,28819,duplicate,small_molecule,0,other,0,0
7 注射治疗方式×/s42114-024-00884-9.pdf,7 注射治疗方式×,3f6f76da3e793650daea37c55bf6d26ec3e5286b66e7483a34dd435c6e530db1,1,,77769,duplicate,nanomaterial,0,other,0,0
7 注射治疗方式×/Subcutaneous-drug-delivery-from-nanoscale-systems.pdf,7 注射治疗方式×,ac4fe49226ea07caf030f1e3ff67c84a9ff86f5feb9cbf06ba9afe5709ad40f5,1,,132826,duplicate,nanomaterial,0,other,0,0
8环糊精/1-s2.0-S0014305719307803-main.pdf,8环糊精,bb062d71d0b9c4b95b037c02c6dfaf22dd212d6c2fdfa5abf2de1457d67b263b,0,,70944,cached,unknown,0,antioxidant,0,1
8环糊精/1-s2.0-S0144861717311578-main.pdf,8环糊精,e8b8e392f7ca2c0c4ce99d1e004ce4e3d2fa3c7a42dffcaf964eee5b87fa20ec,0,,44130,cached,nanomaterial,0,other,0,1
8环糊精/1-s2.0-S0144861718300110-main.pdf,8环糊精,c9af9a565d61ed2bb2b5a5f7352052e874a6730636f3e3f472384b1624a64c2f,0,,40880,cached,unknown,0,other,0,1
8环糊精/1-s2.0-S0144861722007858-main.pdf,8环糊精,4fbf692db61b0a3f7df02d87ffa70b9aed25091b28a0655a726ac4ece9b86616,0,,85590,cached,nanomaterial,0,other,0,1
8环糊精/1-s2.0-S0144861724010464-main.pdf,8环糊精,870ab22971237cdd6637ddb6e031ca959875e6abaecb9c2636a68978fd9fd615,0,,71539,cached,unknown,0,other,1,1
8环糊精/1-s2.0-S0144861725009452-main.pdf,8环糊精,c57defa2cd8654ab42380c8e98df6631dbb96459311142cd46db13aaa913a54f,0,,121476,cached,nanomaterial,0,other,0,1
8环糊精/1-s2.0-S0169433222006961-main.pdf,8环糊精,a6ca4940b54956400f4e8441fc5a8b8f5df8402bb4397cd41d4869f659c83552,0,,43509,cached,nanomaterial,0,other,0,1
8环糊精/1-s2.0-S0268005X19303017-main.pdf,8环糊精,5ca7e120a0502cfc9613b313790eaa340c75984060fa657e1e48609f738eb740,0,,51383,cached,nanomaterial,0,other,0,1
8环糊精/1-s2.0-S0304389418307180-main.pdf,8环糊精,b8a342374405dd72d867ad7751c91022dc74f0a30f184b44ed2dbb3380a1ca80,0,,41499,cached,unknown,0,other,0,1
8环糊精/1-s2.0-S0956566318308066-main.pdf,8环糊精,8e4ac51dcdfd2805a8bce7bac94744dd54c2151a9cbcf49bb09547be84af7000,0,,34196,cached,nanomaterial,0,other,0,1
8环糊精/1-s2.0-S1385894723071930-main.pdf,8环糊精,ac151962f4fdb70fa5b6fc3d23dcb8859462449001ebb6c9a7c4f215681f0313,0,,63452,cached,biologic,0,other,0,1
8环糊精/1-s2.0-S221138352100157X-main.pdf,8环糊精,056908643e3b138755d35cb660388aa2f301576ea2fb3678a451a604dae7e805,0,,43922,cached,nanomaterial,1,other,0,1
8环糊精/1-s2.0-S2590157525010958-main.pdf,8环糊精,016142735c7a6f78c4115da987374a7b0d5b812c64a5db250fd231799faba42c,0,,71655,cached,biologic,0,antioxidant,0,1
8环糊精/Angew Chem Int Ed - 2019 - Sonnendecker - Large‐Ring Cyclodextrins as Chiral Selectors for Enantiomeric Pharmaceuticals.pdf,8环糊精,861940e50c73cc30c312feba3549d5428d52b7c2e00f5928351afcffd22a3adb,0,,19927,cached,unknown,0,other,0,1
8环糊精/d0ta10742e.pdf,8环糊精,d52c0d162e4be84d9b94c4e20e12fd6efbdd89876b7ebdb3a3948226ea81919f,0,,50365,cached,nanomaterial,1,other,0,1
8环糊精/quantification-of-the-interaction-between-charged-guest-molecules-and-chemisorbed-monothiolated-β-cyclodextrins.pdf,8环糊精,813e75f02a596f7c1238510c18727d0756a85e2e0311c060295802939750f979,0,,28593,cached,small_molecule,0,other,0,1
8环糊精/s41545-024-00312-x.pdf,8环糊精,e2e9be365149f5fdf014b99129d4128a73d984bf90ce1b34bf0425ec872ef2d0,0,,57794,cached,nanomaterial,1,other,1,1
9团簇结构/1-s2.0-S0254586124002769-main.pdf,9团簇结构,60e0c8a980ffdb1df0ebc3f85d0c92a4e48280195c2ba53eeab0fea11d290bff,0,,34271,cached,nanomaterial,1,other,1,0
9团簇结构/3-electron-nonpolyhedral-cu-nanocluster-showing-distinct-dielectric-magnetic-and-mechanical-properties.pdf,9团簇结构,fbaeb371428e8c2a08fe88501ffc414ef183cd2c22d54e2efecc6f5ce4e85fea,0,,53788,cached,nanomaterial,1,other,1,0
9团簇结构/a-high-nuclearity-copper-sulfide-nanocluster-s-cu50-featuring-a-double-shell-structure-configuration-with-cu(ii)-cu(i).pdf,9团簇结构,0890b4d3efcb3673f2abefbb4a22f9af6d007b29e59f76549cfb85f19e129872,0,,68542,cached,nanomaterial,1,other,1,0
9团簇结构/Advanced Science - 2019 - Li - Copper Nanoclusters  Cu14 Cluster with Partial Cu 0  Character  Difference in Electronic.pdf,9团簇结构,e265698a05f4b481d53617204b1efa7a8186b74e7019b5352eef5860229d21fd,0,,61,cached,nanomaterial,1,other,1,0
9团簇结构/Angew Chem Int Ed - 2018 - Li - Same Magic Number but Different Arrangement  Alkynyl‐Protected Au25 with D3 Symmetry.pdf,9团簇结构,7db702392efc69765117a16e5aa840d9fd770192d1ddb793aa23f15dbf48758c,0,,22743,cached,nanomaterial,1,other,0,0
9团簇结构/Angew Chem Int Ed - 2018 - Zhuang - Kernel Homology in Gold Nanoclusters.pdf,9团簇结构,1c189662e6a77e68361bccbb0f303e23e5fbe3f3c9e95e1bc4f4f7c783532cc3,0,,27429,cached,nanomaterial,1,other,0,0
9团簇结构/Angew Chem Int Ed - 2019 - Cerretani - Crystal structure of a NIR‐Emitting DNA‐Stabilized Ag16 Nanocluster.pdf,9团簇结构,27fe9996a8e34e1f19600e6a03da0a204301294863d272e6621b43aa56dd6e92,0,,24755,cached,nanomaterial,1,other,0,0
9团簇结构/Angew Chem Int Ed - 2021 - Lei - Cluster From Cluster  A Quantitative Approach to Magic Gold Nanoclusters  Au25 SR 18.pdf,9团簇结构,38d5dc51fa1364e2800a9c7f2a837c583f0b9e9a858aad5d1bde939eb0ec9e9e,0,,23498,cached,nanomaterial,1,other,0,0
9团簇结构/Angew Chem Int Ed - 2022 - Liu - Asymmetrically Doping a Platinum Atom into a Au38 Nanocluster for Changing the Electron.pdf,9团簇结构,eead7a6330463553ed78b598bd058d060c6a3bed6fcd45d3a0aa5e58e6dd07b7,0,,26036,cached,nanomaterial,1,other,0,0
9团簇结构/Angew Chem Int Ed - 2025 - Sapnik - Structure of a DNA‐Stabilized Ag16Cl2 Nanocluster in Solution.pdf,9团簇结构,caee4648be151befa3f1d9d50ef9d04ba04a565e33849ad6bca27b2884aba1e2,0,,38380,cached,nanomaterial,1,other,0,0
9团簇结构/Angew Chem Int Ed - 2026 - Gong - Remotely Tuning the Electronic Structures of Cu Site Over N‐Heterocyclic.pdf,9团簇结构,dbf8e98d1eeb8389449eb354e52f38d38a7869501aae368c6338746233882f3a,0,,58083,cached,nanomaterial,1,other,1,0
9团簇结构/dynamic-nature-of-thiolate-monolayer-in-au25(sr)18-nanoclusters.pdf,9团簇结构,bb7567b31d70c95e58056adc05fb1cdfec4018477bd5a2fbfae98937fd3f0843,0,,31314,cached,nanomaterial,1,other,0,0
9团簇结构/isomerization-in-alkynyl-protected-gold-nanoclusters.pdf,9团簇结构,bcbeac47bbdbac167179990aaf892e518ad08e51bf509fb62111b6c4a0316c04,0,,34439,cached,nanomaterial,1,other,0,0
9团簇结构/photochemical-synthesis-of-atomically-precise-ag-nanoclusters.pdf,9团簇结构,2572c4416d49a011419f25ddcf0d572a41e444d3cc8412d99f60e5d5ac57b3e7,0,,40021,cached,nanomaterial,1,other,0,0
9团簇结构/s40820-024-01555-6.pdf,9团簇结构,fad9a6ec8b5d498c6e142039b778e8912f0010c896c205adfbdf78304e50ede1,0,,143629,cached,nanomaterial,1,other,1,0
9团簇结构/s41557-022-01079-9.pdf,9团簇结构,609f7552d582c8216005cb8a1c8005eaf660d10a77506999ffe16814f8183385,0,,64021,cached,nanomaterial,0,other,0,0
9团簇结构/science.adx6639.pdf,9团簇结构,3880c88abe070fcc90b4d8ac1dc86b356da576e94ce3c881f242dab346c6cccf,0,,26803,cached,nanomaterial,1,other,0,0
9团簇结构/Small Structures - 2024 - Gao - Observation of Body‐Centered‐Cubic Cu Nanocluster with Partial Cu 0  Character.pdf,9团簇结构,7cf127e878a03ac29ac4c074f5d83bfd5bc271c9f17f35050ac652fab0adb26d,0,,28761,cached,nanomaterial,1,other,1,0
9团簇结构/structural-prediction-of-thiolate-protected-au38-a-face-fused-bi-icosahedral-au-core.pdf,9团簇结构,dd792c8ffe8b31fd910032d8926365b87a7277fb021bcf3cfd6999e174554302,0,,18602,cached,nanomaterial,1,other,0,0
9团簇结构/the-dynamic-structure-of-au38(sr)24-nanoclusters-supported-on-ceo2-upon-pretreatment-and-co-oxidation.pdf,9团簇结构,633fb7448bd0669693ae97a38330c93d9343bd01ae50e4651334d67a2decd6d3,0,,28660,cached,nanomaterial,1,other,0,0
DFT理论/Adv Funct Materials - 2025 - Yang - Heteronuclear Single‐Atom Nanozymes Overcome Radiotherapy Resistance via Synergistic.pdf,DFT理论,cbfc047cdb97c78698645be08aa69fe14fbd178f9f470a20271b94b87d519a6b,0,,64943,cached,nanomaterial,0,antioxidant,1,0
DFT理论/Advanced Materials - 2023 - Kim - Geometric Tuning of Single‐Atom FeN4 Sites via Edge‐Generation Enhances Multi‐Enzymatic.pdf,DFT理论,e17e282b8ffdebcdb1e3030d38743c0f69afa638b924a22e40b407098d7efae6,0,,61009,cached,nanomaterial,0,antioxidant,0,0
DFT理论/Advanced Science - 2025 - Feng - Surface Engineering‐Induced d‐Band Center Down‐Regulation in High‐Entropy Alloy Nanowires.pdf,DFT理论,27e616a8e20ceb4494e9bc780baa9c3d3c56aa2a134cb7a59b24500f7154a4e3,0,,74556,cached,nanomaterial,0,other,0,0
DFT理论/Advanced Science - 2025 - Lee - Coordination Geometry Tuning in a Single‐Atom Nanozyme to Mimic Metalloenzymes with.pdf,DFT理论,f53cbfe967003f8c34dc05e4c577cb4da8cee86396a7ccf225bafd96ca431fe3,0,,49533,cached,nanomaterial,0,antioxidant,0,0
DFT理论/atomic-scale-full-size-engineering-of-platinum-nanozymes-enables-high-efficiency-catalytic-therapy.pdf,DFT理论,26263a33fbc18f1ca351f408cd78f6b567d591f735b0cc77c79958e3d8836704,0,,57953,cached,nanomaterial,1,other,0,0
DFT理论/enzyme-mimic-activities-of-ruco-bimetallic-nanosheets-for-inflammatory-bowel-disease-treatment.pdf,DFT理论,17e6e0190c4e4eb6393a6b3d5b82cdbe93416ce8f83e0a01e50325be7b1fde20,0,,60008,cached,nanomaterial,0,antioxidant,0,0
DFT理论/modulating-catalytic-activity-and-stability-of-atomically-precise-gold-nanoclusters-as-peroxidase-mimics-via-ligand.pdf,DFT理论,2d88de4582d335ec9c91bc643461264cdaa0b73b84205d24ef2ae9d1fcdd26ec,0,,48464,cached,nanomaterial,1,other,0,0
DFT理论/s41596-024-01034-7.pdf,DFT理论,44089e0211e940c7ca8f9be76e3ec358a7e7b398e1b428d06d2dd3a54f80950f,0,,71855,cached,nanomaterial,0,other,0,0
DFT理论/s41929-021-00609-x.pdf,DFT理论,f501b2d2bbbb99a6810734673369c9abca250eb401f5df1fa4e3afec37a6bd38,0,,66162,cached,nanomaterial,0,other,0,0
DFT理论/Small - 2024 - Fu - Boosting Enzyme‐Like Activity Through Controlled Coordination of Metal Single‐Atoms in Rhombic Cavity.pdf,DFT理论,753aa19f346bb2227a03404ff821a7fd9c825127d275591d8a25800dafcb6a4b,0,,40101,cached,nanomaterial,0,antioxidant,0,0
DFT理论/Small - 2024 - Wang - A Bioinspired Single‐Atom Fe Nanozyme with Excellent Laccase‐Like Activity for Efficient Aflatoxin B1.pdf,DFT理论,228ad8a99e1c33b9cbd49c10022a236f35b6a0430e79aa605e191108289ae1ae,0,,39896,cached,nanomaterial,0,other,0,0
DFT理论/the-quantum-chemical-cluster-approach-in-biocatalysis.pdf,DFT理论,254673d6b77653fe7ea50638dca213d37ec441a284681068fd6547b52239ae89,0,,47835,cached,unknown,0,other,0,0
DFT理论/thermal-atomization-of-platinum-nanoparticles-into-single-atoms-an-effective-strategy-for-engineering-high-performance.pdf,DFT理论,e81e793abab544a4bfd4cc07fbf8e25f52f73c620c29484491827212a1c73424,0,,49102,cached,nanomaterial,1,other,0,0
DFT理论/ultrasmall-platinum-nanoclusters-modulating-dysregulated-reactive-oxide-species-and-immunity-for-psoriasis-therapy-and.pdf,DFT理论,e3035c816e9933472c61d64c7af37d2a0a0e33f6b48de7d4c5495d9594c64bcc,1,,74952,duplicate,nanomaterial,1,antioxidant,1,1
DFT理论（10篇）/Adv Funct Materials - 2025 - Yang - Heteronuclear Single‐Atom Nanozymes Overcome Radiotherapy Resistance via Synergistic.pdf,DFT理论（10篇）,cbfc047cdb97c78698645be08aa69fe14fbd178f9f470a20271b94b87d519a6b,1,,64943,duplicate,nanomaterial,0,antioxidant,1,0
DFT理论（10篇）/Advanced Materials - 2023 - Kim - Geometric Tuning of Single‐Atom FeN4 Sites via Edge‐Generation Enhances Multi‐Enzymatic.pdf,DFT理论（10篇）,e17e282b8ffdebcdb1e3030d38743c0f69afa638b924a22e40b407098d7efae6,1,,61009,duplicate,nanomaterial,0,antioxidant,0,0
DFT理论（10篇）/Advanced Science - 2025 - Feng - Surface Engineering‐Induced d‐Band Center Down‐Regulation in High‐Entropy Alloy Nanowires.pdf,DFT理论（10篇）,27e616a8e20ceb4494e9bc780baa9c3d3c56aa2a134cb7a59b24500f7154a4e3,1,,74556,duplicate,nanomaterial,0,other,0,0
DFT理论（10篇）/Advanced Science - 2025 - Lee - Coordination Geometry Tuning in a Single‐Atom Nanozyme to Mimic Metalloenzymes with.pdf,DFT理论（10篇）,f53cbfe967003f8c34dc05e4c577cb4da8cee86396a7ccf225bafd96ca431fe3,1,,49533,duplicate,nanomaterial,0,antioxidant,0,0
DFT理论（10篇）/atomic-scale-full-size-engineering-of-platinum-nanozymes-enables-high-efficiency-catalytic-therapy.pdf,DFT理论（10篇）,26263a33fbc18f1ca351f408cd78f6b567d591f735b0cc77c79958e3d8836704,1,,57953,duplicate,nanomaterial,1,other,0,0
DFT理论（10篇）/enzyme-mimic-activities-of-ruco-bimetallic-nanosheets-for-inflammatory-bowel-disease-treatment.pdf,DFT理论（10篇）,17e6e0190c4e4eb6393a6b3d5b82cdbe93416ce8f83e0a01e50325be7b1fde20,1,,60008,duplicate,nanomaterial,0,antioxidant,0,0
DFT理论（10篇）/modulating-catalytic-activity-and-stability-of-atomically-precise-gold-nanoclusters-as-peroxidase-mimics-via-ligand.pdf,DFT理论（10篇）,2d88de4582d335ec9c91bc643461264cdaa0b73b84205d24ef2ae9d1fcdd26ec,1,,48464,duplicate,nanomaterial,1,other,0,0
DFT理论（10篇）/s41596-024-01034-7.pdf,DFT理论（10篇）,44089e0211e940c7ca8f9be76e3ec358a7e7b398e1b428d06d2dd3a54f80950f,1,,71855,duplicate,nanomaterial,0,other,0,0
DFT理论（10篇）/s41929-021-00609-x.pdf,DFT理论（10篇）,f501b2d2bbbb99a6810734673369c9abca250eb401f5df1fa4e3afec37a6bd38,1,,66162,duplicate,nanomaterial,0,other,0,0
DFT理论（10篇）/Small - 2024 - Fu - Boosting Enzyme‐Like Activity Through Controlled Coordination of Metal Single‐Atoms in Rhombic Cavity.pdf,DFT理论（10篇）,753aa19f346bb2227a03404ff821a7fd9c825127d275591d8a25800dafcb6a4b,1,,40101,duplicate,nanomaterial,0,antioxidant,0,0
DFT理论（10篇）/Small - 2024 - Wang - A Bioinspired Single‐Atom Fe Nanozyme with Excellent Laccase‐Like Activity for Efficient Aflatoxin B1.pdf,DFT理论（10篇）,228ad8a99e1c33b9cbd49c10022a236f35b6a0430e79aa605e191108289ae1ae,1,,39896,duplicate,nanomaterial,0,other,0,0
DFT理论（10篇）/the-quantum-chemical-cluster-approach-in-biocatalysis.pdf,DFT理论（10篇）,254673d6b77653fe7ea50638dca213d37ec441a284681068fd6547b52239ae89,1,,47835,duplicate,unknown,0,other,0,0
DFT理论（10篇）/thermal-atomization-of-platinum-nanoparticles-into-single-atoms-an-effective-strategy-for-engineering-high-performance.pdf,DFT理论（10篇）,e81e793abab544a4bfd4cc07fbf8e25f52f73c620c29484491827212a1c73424,1,,49102,duplicate,nanomaterial,1,other,0,0
DFT理论（10篇）/ultrasmall-platinum-nanoclusters-modulating-dysregulated-reactive-oxide-species-and-immunity-for-psoriasis-therapy-and.pdf,DFT理论（10篇）,e3035c816e9933472c61d64c7af37d2a0a0e33f6b48de7d4c5495d9594c64bcc,1,,74952,duplicate,nanomaterial,1,antioxidant,1,1
酶活性/NADH/1-s2.0-S174801322600023X-main.pdf,酶活性,fd86e480f5affeb4d317ecf1dc014efffdbf87c4cad8025880f6422a4398714a,0,,66607,cached,nanomaterial,0,other,0,0
酶活性/NADH/1-s2.0-S2666675826001128-main.pdf,酶活性,8ce0fa3401aa0ccbdddd449be752ac348ffdfc2c906827dd7a6bc6e356bf24d9,0,,53146,cached,small_molecule,0,antioxidant,0,0
酶活性/NADH/a-polypeptosome-spray-to-heal-antibiotic-resistant-bacteria-infected-wound-by-photocatalysis-induced-metabolism.pdf,酶活性,58571f32869044cf2704ae5b8ab6aa9254f00c16eb66cbe2c501be082e0774af,0,,57993,cached,nanomaterial,0,antioxidant,0,0
酶活性/NADH/Adv Funct Materials - 2025 - Zhang - A Mitochondria‐Targeted Biomimetic Nanocarrier Improves Oxygen Metabolism and.pdf,酶活性,ef1e1780d659f700d3f06fa097bf060f8f0a7965206105c29c731262f49537ad,0,,96487,cached,nanomaterial,0,antioxidant,0,0
酶活性/NADH/Angew Chem Int Ed - 2018 - Harbut - Small Molecules Targeting Mycobacterium tuberculosis Type II NADH Dehydrogenase Exhibit.pdf,酶活性,b4e6f9c6cbbee45e77c9592e41cbde39be1b9cffc55441373985742632becde4,0,,23378,cached,small_molecule,0,other,0,0
酶活性/NADH/Angew Chem Int Ed - 2024 - Browne - Controlled Biocatalytic Synthesis of a Metal Nanoparticle‐Enzyme Hybrid  Demonstration.pdf,酶活性,3ed26a6bedc268b62d3e2d9387af73ad0a6b1a76688ac41219c027f8ef00b6c9,0,,30554,cached,nanomaterial,1,other,0,0
酶活性/NADH/doped-graphene-to-mimic-the-bacterial-nadh-oxidase-for-one-step-nad-supplementation-in-mammals.pdf,酶活性,6fa663e99b9e227d6cb179c4e87d4afe624fd3e8dbfdb540a886e3b784d98827,0,,66887,cached,nanomaterial,0,antioxidant,1,0
酶活性/NADH/nwad063.pdf,酶活性,47e71d2304dcb4805dfdb52dd83b2a7c9258297225f3362ce8ea754084624734,0,,39072,cached,nanomaterial,0,antioxidant,0,0
酶活性/NADH/s41587-019-0377-7.pdf,酶活性,5228c9ccad78f2aefde03c404dba0304f9af2a8384642f06a667e17897914a02,0,,52713,cached,biologic,0,antioxidant,0,0
酶活性/氧化还原酶活性/1-s2.0-S0269749123006036-main.pdf,酶活性,108a576eb61b14d4122fc88202d2a8f54a7c04dfcb158462dad65e6a101b9592,0,,48925,cached,nanomaterial,1,antioxidant,0,0
酶活性/氧化还原酶活性/1-s2.0-S0956566314007581-main.pdf,酶活性,11c2382bbe2f953a0cb5a0147364d8945deb4716e754dcd445f424168b00c445,0,,36486,cached,nanomaterial,1,antioxidant,0,0
酶活性/氧化还原酶活性/1-s2.0-S1385894721007257-main.pdf,酶活性,24800e8a339ce68ee75f1f6625307a05ab0208e01740fcec6e8451abbec1bd48,0,,54054,cached,nanomaterial,1,antioxidant,1,0
酶活性/氧化还原酶活性/1-s2.0-S1748013225002208-main.pdf,酶活性,ce1c290a6355546fe5293488050ee9bd71863cda1e1fd0156eee8bc97efd91db,0,,74250,cached,nanomaterial,0,antioxidant,0,0
酶活性/氧化还原酶活性/1-s2.0-S2452199X21003959-main.pdf,酶活性,2d76d56d78c5d605b33a7cec916862ecf9e345dee8f923cd5087772afb887d4a,0,,58174,cached,nanomaterial,0,antioxidant,0,0
酶活性/氧化还原酶活性/Adv Funct Materials - 2023 - Yang - DNA Programmable Peroxidase Activity of Oxidized Polypyrrole Quantum Dots.pdf,酶活性,890cd90880fb1e775a0ce98fdcfe33948363d7ce6d958b54a8aed4eb5a859a9a,0,,45367,cached,nanomaterial,0,other,1,0
酶活性/氧化还原酶活性/Advanced Materials - 2023 - Liu - A Nanozyme‐Based Electrode for High‐Performance Neural Recording.pdf,酶活性,00de8a9c263c1f079fad76ccbe7035bced6ca0d7c719996b4b86d0e9565ac734,0,,65436,cached,nanomaterial,1,antioxidant,0,0
酶活性/氧化还原酶活性/Advanced Materials - 2023 - Tian - Doping Engineering to Modulate Lattice and Electronic Structure for Enhanced.pdf,酶活性,d8ec09220c95eb025ac34c1362ff34ba2a361cf2724793692c90025c86ef934d,0,,85010,cached,nanomaterial,1,antioxidant,0,0
酶活性/氧化还原酶活性/Advanced Science - 2018 - Ren - Graphene Oxide Quantum Dots Reduce Oxidative Stress and Inhibit Neurotoxicity In Vitro and.pdf,酶活性,fe185eb3993e3a620d6398e03ed2c82f928c24676ffd11ee3c211e0aac8d3e86,0,,53641,cached,nanomaterial,0,antioxidant,0,0
酶活性/氧化还原酶活性/Advanced Science - 2025 - Zhong - Dopant‐Regulated Piezocatalysts Evoke Sonopiezoelectric and Enzymatic PANoptosis for.pdf,酶活性,5e4408f5f9c324f20176374220933a9a12b9e6ed8a3ff490859b512c5de03cd0,0,,78206,cached,nanomaterial,0,antioxidant,0,0
酶活性/氧化还原酶活性/Alzheimer s   Dementia - 2023 - Sarno - INCREASED CATALASE ACTIVITY IN AGING ADULTS WITH DOWN SYNDROME  ASSOCIATIONS WITH.pdf,酶活性,abad2d769af963aaee49a410b00d1f2bf318ad4991afde06bcfe1b2eb75ceae0,0,,3392,cached,biologic,0,amyloid;antioxidant,1,0
酶活性/氧化还原酶活性/Angew Chem Int Ed - 2017 - Singh - A Redox Modulatory Mn3O4 Nanozyme with Multi‐Enzyme Activity Provides Efficient.pdf,酶活性,ac5c370ea0fd6eb59cbbe24f31cc9e17884f71e4e6ea50977e629ca0f9cfda8d,0,,25704,cached,nanomaterial,0,antioxidant,0,0
酶活性/氧化还原酶活性/Angew Chem Int Ed - 2024 - Yang - Photo‐Switchable Peroxidase Catalase‐Like Activity of Carbon Quantum Dots.pdf,酶活性,ee404b300b93d347172743577f9e054094a67b7c96d8750e10d6a638257d966b,0,,50833,cached,nanomaterial,0,antioxidant,0,0
酶活性/氧化还原酶活性/Angew Chem Int Ed - 2025 - Ding - MitoSiege‐Driven Catalase Collapse  A GSH‐Responsive  Mitochondria‐Targeted COF Prodrug.pdf,酶活性,996908b90bb0bd19e784ddc2f959d0ab7ad9809fa50b4634fc07e43c4e6ced25,0,,49217,cached,nanomaterial,0,antioxidant,1,0
酶活性/氧化还原酶活性/cascade-and-ultrafast-artificial-antioxidases-alleviate-inflammation-and-bone-resorption-in-periodontitis.pdf,酶活性,a3478cff6922650dd5c1fd9dcc857f1da36d4c9285d780824d3e112cd5ad0897,0,,63617,cached,nanomaterial,1,antioxidant,0,0
酶活性/氧化还原酶活性/hydrogen-incorporation-selectively-modulates-the-catalytic-performance-of-pd-nanozymes-for-cascade-catalytic-tumor.pdf,酶活性,fd24b3dc2581fd9c65d381704939bebe07de56016b650177df622841f1117b0f,0,,76430,cached,nanomaterial,0,antioxidant,0,0
酶活性/氧化还原酶活性/nanozymes-from-new-concepts-mechanisms-and-standards-to-applications.pdf,酶活性,6720fdf6f7cac4a7ba80b47ba4fb7cf7cad28a4841ae8190b75d3e1669af4926,0,,50428,cached,nanomaterial,0,antioxidant,0,0
酶活性/氧化还原酶活性/s12951-021-00948-8.pdf,酶活性,7a08d9ed9a763aeba8efeedbd7b21727c315ed1e30521da276d3390032c7c0ba,0,,53132,cached,nanomaterial,0,antioxidant,0,0
酶活性/氧化还原酶活性/s41467-020-20275-0.pdf,酶活性,fd68de61ee64563224a1441e1c9766939f71a27cba3ab8a65b5eede083f1b1ba,0,,85492,cached,nanomaterial,1,antioxidant,1,0
酶活性/氧化还原酶活性/s41467-022-32411-z.pdf,酶活性,2e9de4c6db22f1333b097af249b007022bb334b6640dee33b068fce54fd0bcdc,0,,85360,cached,nanomaterial,0,antioxidant,1,0
酶活性/氧化还原酶活性/s41467-024-52684-w.pdf,酶活性,e75aa8dad9b9886fde1d85976dc7646d55b8ef1273ffb89547582eedf9526d29,1,,99886,duplicate,nanomaterial,1,antioxidant,0,0
酶活性/氧化还原酶活性/sciadv.abk1210.pdf,酶活性,3a0924fd0cb0360f20b16f9f8a56ba82a6bfa02c800f282a9e094c24f743a817,0,,96364,cached,nanomaterial,0,neuroinflammation;antioxidant,0,0
酶活性/氧化还原酶活性/sciadv.adh7828.pdf,酶活性,9f7b359c5767150cc6a60ecf0505c40115f91be9fe34a7dcc0afcd12c0cc1ca2,0,,94037,cached,nanomaterial,1,antioxidant,1,0
酶活性/氧化还原酶活性/Small - 2022 - Carregal‐Romero - Ultrasmall Manganese Ferrites for In Vivo Catalase Mimicking Activity and Multimodal.pdf,酶活性,b2516a18aed2af6398693f3eb7236d6814596f69681d22cc471f6214e7c773ec,0,,90976,cached,nanomaterial,0,antioxidant,0,0
酶活性/氧化还原酶活性/Small - 2025 - Hamed - Bimetallic Cu Zn Single‐Atom Nanozyme with Superoxide Dismutase‐Like Activity.pdf,酶活性,f0db928197f40b123e632c630a3675ff60ba14b75708465210b8ac68406e35b5,0,,43629,cached,nanomaterial,1,antioxidant,1,0
酶活性/氧化还原酶活性/surface-engineered-nanoparticles-enhance-the-peroxidase-activity-of-heme-containing-proteins.pdf,酶活性,b88727a5cf6467a3702c010c98383837b2403e6500ad2e40e0e41cb0f1275aa2,0,,66545,cached,nanomaterial,0,other,0,0
铜环糊精/Angew Chem Int Ed - 2017 - Zhang - Cyclodextrin Cavity‐Induced Mechanistic Switch in Copper‐Catalyzed Hydroboration.pdf,铜环糊精,29ce7f0e3688304cad8cd58be9aadf390287445b4d89449a5b99838fa7b11a38,0,,22140,cached,unknown,0,other,1,1
铜环糊精/Angew Chem Int Ed - 2020 - Xu - Capturing the Monomeric  L CuH in NHC‐Capped Cyclodextrin  Cavity‐Controlled Chemoselective.pdf,铜环糊精,c291f8131ec7a021a5a3c86f65cef63119d13c60f6eec32497ebfc0796fd6948,0,,31048,cached,unknown,0,other,1,1
铜环糊精/kijima1984.pdf,铜环糊精,08e194d8231afa81f29bb29e382a4fa0d3b5b06b5ce336d6bcbf5263aa7bf72c,0,,121,cached,unknown,0,other,0,0
铜环糊精/s00604-016-1915-3.pdf,铜环糊精,48964827b7cb90f0e8213cf25ad550fb41122e23e03936380b8c5156763987a7,0,,33544,cached,nanomaterial,1,other,1,1
铜环糊精/ultrasmall-platinum-nanoclusters-modulating-dysregulated-reactive-oxide-species-and-immunity-for-psoriasis-therapy-and.pdf,铜环糊精,96ade4287e8d1c0d17793b9a95174d43cc6dcdda1b4536f6563ced9447353df5,0,,74951,cached,nanomaterial,1,antioxidant,1,1
铜环糊精（10篇）/Angew Chem Int Ed - 2017 - Zhang - Cyclodextrin Cavity‐Induced Mechanistic Switch in Copper‐Catalyzed Hydroboration.pdf,铜环糊精（10篇）,29ce7f0e3688304cad8cd58be9aadf390287445b4d89449a5b99838fa7b11a38,1,,22140,duplicate,unknown,0,other,1,1
铜环糊精（10篇）/Angew Chem Int Ed - 2020 - Xu - Capturing the Monomeric  L CuH in NHC‐Capped Cyclodextrin  Cavity‐Controlled Chemoselective.pdf,铜环糊精（10篇）,c291f8131ec7a021a5a3c86f65cef63119d13c60f6eec32497ebfc0796fd6948,1,,31048,duplicate,unknown,0,other,1,1
铜环糊精（10篇）/kijima1984.pdf,铜环糊精（10篇）,08e194d8231afa81f29bb29e382a4fa0d3b5b06b5ce336d6bcbf5263aa7bf72c,1,,121,duplicate,unknown,0,other,0,0
铜环糊精（10篇）/s00604-016-1915-3.pdf,铜环糊精（10篇）,48964827b7cb90f0e8213cf25ad550fb41122e23e03936380b8c5156763987a7,1,,33544,duplicate,nanomaterial,1,other,1,1
铜环糊精（10篇）/ultrasmall-platinum-nanoclusters-modulating-dysregulated-reactive-oxide-species-and-immunity-for-psoriasis-therapy-and.pdf,铜环糊精（10篇）,96ade4287e8d1c0d17793b9a95174d43cc6dcdda1b4536f6563ced9447353df5,1,,74951,duplicate,nanomaterial,1,antioxidant,1,1
